time_period,location,rainfall_era5_lag1,rainfall_era5_lag2,rainfall_era5_lag3,rainfall_era5_lag4,rainfall_era5_lag5,rainfall_era5_lag6,mean_temperature_lag1,mean_temperature_lag2,relative_humidity_lag1,relative_humidity_lag2,relative_humidity_lag3,relative_humidity_lag4,loc_BzhJzdAGARk,loc_CSiOPKW1OQP,loc_EritxSJ4SVG,loc_Fczy0xwaJSy,loc_Gu5PQzqP3oc,irs_level,irs_decay,irs_since,irs_cumulative,tgt_lag1,tgt_lag2,tgt_lag3,_resid,in_mask
2013-01,BzhJzdAGARk,,,,,,,,,,,,,1.0,0.0,0.0,0.0,0.0,0.0,0.0,24.0,0.0,,,,0.003623399542802108,False
2013-01,CSiOPKW1OQP,,,,,,,,,,,,,0.0,1.0,0.0,0.0,0.0,0.0,0.0,24.0,0.0,,,,0.007825626230273386,False
2013-01,EritxSJ4SVG,,,,,,,,,,,,,0.0,0.0,1.0,0.0,0.0,0.0,0.0,24.0,0.0,,,,0.006199921473540648,False
2013-01,Fczy0xwaJSy,,,,,,,,,,,,,0.0,0.0,0.0,1.0,0.0,0.0,0.0,24.0,0.0,,,,0.0014974092075170642,False
2013-01,Gu5PQzqP3oc,,,,,,,,,,,,,0.0,0.0,0.0,0.0,1.0,0.0,0.0,24.0,0.0,,,,0.004806760944873645,False
2013-02,BzhJzdAGARk,109.91091832872169,,,,,,16.47139084562206,,73.45794658207518,,,,1.0,0.0,0.0,0.0,0.0,0.0,0.0,24.0,0.0,3.623401354501282,,,-0.033626857781037245,False
2013-02,CSiOPKW1OQP,79.16628093730856,,,,,,20.203665239163225,,70.93775553899626,,,,0.0,1.0,0.0,0.0,0.0,0.6429,0.6429,0.0,0.6429,7.825630143085608,,,-0.15557878367154654,False
2013-02,EritxSJ4SVG,64.52820938360671,,,,,,21.807979542532383,,69.60370839705408,,,,0.0,0.0,1.0,0.0,0.0,0.0,0.0,24.0,0.0,6.199924732534249,,,0.5223942437629754,False
2013-02,Fczy0xwaJSy,480.65294954950855,,,,,,13.539327957438521,,82.7104992126038,,,,0.0,0.0,0.0,1.0,0.0,0.0,0.0,24.0,0.0,1.49741027700751,,,1.2454787769546263,False
2013-02,Gu5PQzqP3oc,277.5331691372636,,,,,,18.644345890766893,,76.24755494407532,,,,0.0,0.0,0.0,0.0,1.0,0.0,0.0,24.0,0.0,4.806763731204175,,,0.38341867443882194,False
2013-03,BzhJzdAGARk,107.33718958296875,109.91091832872169,,,,,16.281572065717313,16.47139084562206,70.5688948169096,73.45794658207518,,,1.0,0.0,0.0,0.0,0.0,0.0,0.0,24.0,0.0,3.5897744967203895,3.623401354501282,,0.2143542476092284,False
2013-03,CSiOPKW1OQP,59.08431251409486,79.16628093730856,,,,,20.30668339419921,20.203665239163225,66.2455415145305,70.93775553899626,,,0.0,1.0,0.0,0.0,0.0,0.0,0.5406123053666131,1.0,0.6429,7.67005135941473,7.825630143085608,,-0.6409717654468006,False
2013-03,EritxSJ4SVG,56.48127518465387,64.52820938360671,,,,,21.856117841325162,21.807979542532383,65.64110765266378,69.60370839705408,,,0.0,0.0,1.0,0.0,0.0,0.0,0.0,24.0,0.0,6.735550354384794,6.199924732534249,,-0.044505979214001457,False
2013-03,Fczy0xwaJSy,298.14027410384745,480.65294954950855,,,,,13.297773317525571,13.539327957438521,78.03428768516376,82.7104992126038,,,0.0,0.0,0.0,1.0,0.0,0.0,0.0,24.0,0.0,2.98598106745008,1.49741027700751,,-1.2238502740107993,False
2013-03,Gu5PQzqP3oc,209.2829473185295,277.5331691372636,,,,,18.5704523823416,18.644345890766893,72.71095335937478,76.24755494407532,,,0.0,0.0,0.0,0.0,1.0,0.0,0.0,24.0,0.0,5.219601307400461,4.806763731204175,,0.05232553692212427,False
2013-04,BzhJzdAGARk,241.07338767074262,107.33718958296875,109.91091832872169,,,,15.899108664677506,16.281572065717313,76.19959483105958,70.5688948169096,73.45794658207518,,1.0,0.0,0.0,0.0,0.0,0.0,0.0,24.0,0.0,3.804128744329618,3.5897744967203895,3.623401354501282,0.03133375628256063,False
2013-04,CSiOPKW1OQP,109.32782117345252,59.08431251409486,79.16628093730856,,,,19.949802212138255,20.30668339419921,69.96362585975355,66.2455415145305,70.93775553899626,,0.0,1.0,0.0,0.0,0.0,0.0,0.4545989496248314,2.0,0.6429,7.029079593967929,7.67005135941473,7.825630143085608,1.0867861997121233,False
2013-04,EritxSJ4SVG,128.01816055650966,56.48127518465387,64.52820938360671,,,,21.31122798191496,21.856117841325162,69.74258308915333,65.64110765266378,69.60370839705408,,0.0,0.0,1.0,0.0,0.0,0.0,0.0,24.0,0.0,6.616595183050768,6.735550354384794,6.199924732534249,-0.2141164806982765,False
2013-04,Fczy0xwaJSy,806.2702711471975,298.14027410384745,480.65294954950855,,,,13.242866168121052,13.297773317525571,82.53433263241708,78.03428768516376,82.7104992126038,,0.0,0.0,0.0,1.0,0.0,0.0,0.0,24.0,0.0,1.2584936446350794,2.98598106745008,1.49741027700751,,False
2013-04,Gu5PQzqP3oc,419.4055426214727,209.2829473185295,277.5331691372636,,,,18.315453104324206,18.5704523823416,76.10416856625199,72.71095335937478,76.24755494407532,,0.0,0.0,0.0,0.0,1.0,0.0,0.0,24.0,0.0,5.333139323503595,5.219601307400461,4.806763731204175,-0.25058635878276725,False
2013-05,BzhJzdAGARk,195.70282175594298,241.07338767074262,107.33718958296875,109.91091832872169,,,16.049164198780545,15.899108664677506,75.07034023434777,76.19959483105958,70.5688948169096,73.45794658207518,1.0,0.0,0.0,0.0,0.0,0.0,0.0,24.0,0.0,3.8354625006121785,3.804128744329618,3.5897744967203895,-0.005122467477766346,False
2013-05,CSiOPKW1OQP,71.29504430787975,109.32782117345252,59.08431251409486,79.16628093730856,,,20.357824425774524,19.949802212138255,68.16254719330138,69.96362585975355,66.2455415145305,70.93775553899626,0.0,1.0,0.0,0.0,0.0,0.0,0.38227062711762466,3.0,0.6429,8.115865793680053,7.029079593967929,7.67005135941473,0.2011885735628347,False
2013-05,EritxSJ4SVG,114.61166781241441,128.01816055650966,56.48127518465387,64.52820938360671,,,21.493062678343577,21.31122798191496,70.25658183364615,69.74258308915333,65.64110765266378,69.60370839705408,0.0,0.0,1.0,0.0,0.0,0.0,0.0,24.0,0.0,6.333204130152662,6.616595183050768,6.735550354384794,0.2566814104238935,False
2013-05,Fczy0xwaJSy,451.3030355602924,806.2702711471975,298.14027410384745,480.65294954950855,,,13.28177859218011,13.242866168121052,80.30431755512876,82.53433263241708,78.03428768516376,82.7104992126038,0.0,0.0,0.0,1.0,0.0,0.0,0.0,24.0,0.0,,1.2584936446350794,2.98598106745008,-0.625984979331057,False
2013-05,Gu5PQzqP3oc,280.5277055151084,419.4055426214727,209.2829473185295,277.5331691372636,,,18.278680126848723,18.315453104324206,75.38602451884302,76.10416856625199,72.71095335937478,76.24755494407532,0.0,0.0,0.0,0.0,1.0,0.0,0.0,24.0,0.0,5.0253573986129565,5.333139323503595,5.219601307400461,0.30038749719919355,False
2013-06,BzhJzdAGARk,194.17499760588777,195.70282175594298,241.07338767074262,107.33718958296875,109.91091832872169,,15.91348220424088,16.049164198780545,73.89257543600147,75.07034023434777,76.19959483105958,70.5688948169096,1.0,0.0,0.0,0.0,0.0,0.0,0.0,24.0,0.0,3.830340033134412,3.8354625006121785,3.804128744329618,0.6975884937357337,False
2013-06,CSiOPKW1OQP,98.85329605869899,71.29504430787975,109.32782117345252,59.08431251409486,79.16628093730856,,19.84132483527167,20.357824425774524,68.7362507955862,68.16254719330138,69.96362585975355,66.2455415145305,0.0,1.0,0.0,0.0,0.0,0.0,0.32144999999999996,4.0,0.6429,8.317054367242887,8.115865793680053,7.029079593967929,-0.6660188222294359,False
2013-06,EritxSJ4SVG,106.7304257835873,114.61166781241441,128.01816055650966,56.48127518465387,64.52820938360671,,21.44147102758402,21.493062678343577,68.99070072521272,70.25658183364615,69.74258308915333,65.64110765266378,0.0,0.0,1.0,0.0,0.0,0.0,0.0,24.0,0.0,6.632661345418598,6.333204130152662,6.616595183050768,0.2000475022906416,False
2013-06,Fczy0xwaJSy,339.10943396153016,451.3030355602924,806.2702711471975,298.14027410384745,480.65294954950855,,13.038188604339961,13.28177859218011,79.36816604584267,80.30431755512876,82.53433263241708,78.03428768516376,0.0,0.0,0.0,1.0,0.0,0.0,0.0,24.0,0.0,1.1710737552132682,,1.2584936446350794,-0.14735110842765198,False
2013-06,Gu5PQzqP3oc,344.46667024457236,280.5277055151084,419.4055426214727,209.2829473185295,277.5331691372636,,18.24093142482792,18.278680126848723,74.2060594114126,75.38602451884302,76.10416856625199,72.71095335937478,0.0,0.0,0.0,0.0,1.0,0.0,0.0,24.0,0.0,5.185396860389116,5.0253573986129565,5.333139323503595,0.1619051195301635,False
2013-07,BzhJzdAGARk,145.66745765800667,194.17499760588777,195.70282175594298,241.07338767074262,107.33718958296875,109.91091832872169,16.212532903354507,15.91348220424088,70.09932388137625,73.89257543600147,75.07034023434777,76.19959483105958,1.0,0.0,0.0,0.0,0.0,0.0,0.0,24.0,0.0,4.527928526870146,3.830340033134412,3.8354625006121785,0.7360260563109327,True
2013-07,CSiOPKW1OQP,64.3575468249722,98.85329605869899,71.29504430787975,109.32782117345252,59.08431251409486,79.16628093730856,20.42313721113368,19.84132483527167,62.42723733745459,68.7362507955862,68.16254719330138,69.96362585975355,0.0,1.0,0.0,0.0,0.0,0.0,0.2703061526833065,5.0,0.6429,7.6510355450134515,8.317054367242887,8.115865793680053,-0.3652017730825792,True
2013-07,EritxSJ4SVG,70.12632633454946,106.7304257835873,114.61166781241441,128.01816055650966,56.48127518465387,64.52820938360671,21.84740100135329,21.44147102758402,63.12146779993668,68.99070072521272,70.25658183364615,69.74258308915333,0.0,0.0,1.0,0.0,0.0,0.0,0.0,24.0,0.0,6.821093458874862,6.632661345418598,6.333204130152662,-0.3915956845146642,True
2013-07,Fczy0xwaJSy,211.12818533916348,339.10943396153016,451.3030355602924,806.2702711471975,298.14027410384745,480.65294954950855,13.49423336901275,13.038188604339961,74.36918336279324,79.36816604584267,80.30431755512876,82.53433263241708,0.0,0.0,0.0,1.0,0.0,0.0,0.0,24.0,0.0,1.0897879525291467,1.1710737552132682,,,False
2013-07,Gu5PQzqP3oc,187.24018769137797,344.46667024457236,280.5277055151084,419.4055426214727,209.2829473185295,277.5331691372636,18.53870513144831,18.24093142482792,70.41296429431081,74.2060594114126,75.38602451884302,76.10416856625199,0.0,0.0,0.0,0.0,1.0,0.0,0.0,24.0,0.0,5.315492366330437,5.185396860389116,5.0253573986129565,0.062300454004784456,True
2013-08,BzhJzdAGARk,165.18316516338015,145.66745765800667,194.17499760588777,195.70282175594298,241.07338767074262,107.33718958296875,16.33096477368502,16.212532903354507,70.58156538020651,70.09932388137625,73.89257543600147,75.07034023434777,1.0,0.0,0.0,0.0,0.0,0.0,0.0,24.0,0.0,5.263954583181079,4.527928526870146,3.830340033134412,0.32289509688614615,True
2013-08,CSiOPKW1OQP,73.3745146758426,64.3575468249722,98.85329605869899,71.29504430787975,109.32782117345252,59.08431251409486,20.792732637144272,20.42313721113368,61.19637468723781,62.42723733745459,68.7362507955862,68.16254719330138,0.0,1.0,0.0,0.0,0.0,0.0,0.22729947481241564,6.0,0.6429,7.285833771930872,7.6510355450134515,8.317054367242887,-0.5499391065768293,True
2013-08,EritxSJ4SVG,77.34922163056888,70.12632633454946,106.7304257835873,114.61166781241441,128.01816055650966,56.48127518465387,22.00134629506989,21.84740100135329,63.58690236706204,63.12146779993668,68.99070072521272,70.25658183364615,0.0,0.0,1.0,0.0,0.0,0.0,0.0,24.0,0.0,6.357121946041299,6.821093458874862,6.632661345418598,-0.1423245016923982,True
2013-08,Fczy0xwaJSy,276.2514778753365,211.12818533916348,339.10943396153016,451.3030355602924,806.2702711471975,298.14027410384745,13.772512281695603,13.49423336901275,72.7328781223021,74.36918336279324,79.36816604584267,80.30431755512876,0.0,0.0,0.0,1.0,0.0,0.0,0.0,24.0,0.0,,1.0897879525291467,1.1710737552132682,0.1331084844658259,False
2013-08,Gu5PQzqP3oc,216.61518946361733,187.24018769137797,344.46667024457236,280.5277055151084,419.4055426214727,209.2829473185295,18.685372748117434,18.53870513144831,70.12967453079946,70.41296429431081,74.2060594114126,75.38602451884302,0.0,0.0,0.0,0.0,1.0,0.0,0.0,24.0,0.0,5.411542322283327,5.315492366330437,5.185396860389116,0.14439764618183482,True
2013-09,BzhJzdAGARk,164.67632372582233,165.18316516338015,145.66745765800667,194.17499760588777,195.70282175594298,241.07338767074262,16.000503307330924,16.33096477368502,73.48983921050186,70.58156538020651,70.09932388137625,73.89257543600147,1.0,0.0,0.0,0.0,0.0,0.0,0.0,24.0,0.0,5.586849680067225,5.263954583181079,4.527928526870146,-0.6368716576963651,True
2013-09,CSiOPKW1OQP,85.05967132447847,73.3745146758426,64.3575468249722,98.85329605869899,71.29504430787975,109.32782117345252,19.97516544545431,20.792732637144272,70.61108572357449,61.19637468723781,62.42723733745459,68.7362507955862,0.0,1.0,0.0,0.0,0.0,1.0,1.0,0.0,1.6429,6.735894665354043,7.285833771930872,7.6510355450134515,-0.07282801923473858,True
2013-09,EritxSJ4SVG,70.48523864221687,77.34922163056888,70.12632633454946,106.7304257835873,114.61166781241441,128.01816055650966,21.64119575939721,22.00134629506989,67.70674711168986,63.58690236706204,63.12146779993668,68.99070072521272,0.0,0.0,1.0,0.0,0.0,0.0,0.0,24.0,0.0,6.251544192860708,6.357121946041299,6.821093458874862,-0.07853821201362976,True
2013-09,Fczy0xwaJSy,271.28018852569073,276.2514778753365,211.12818533916348,339.10943396153016,451.3030355602924,806.2702711471975,13.38938925251272,13.772512281695603,78.40626087957166,72.7328781223021,74.36918336279324,79.36816604584267,0.0,0.0,0.0,1.0,0.0,0.0,0.0,24.0,0.0,1.4346138954798182,,1.0897879525291467,,False
2013-09,Gu5PQzqP3oc,206.89035862199086,216.61518946361733,187.24018769137797,344.46667024457236,280.5277055151084,419.4055426214727,18.34404930275875,18.685372748117434,72.88247636530009,70.12967453079946,70.41296429431081,74.2060594114126,0.0,0.0,0.0,0.0,1.0,0.0,0.0,24.0,0.0,5.594697451984826,5.411542322283327,5.315492366330437,0.17697315086738286,True
2013-10,BzhJzdAGARk,225.55586254340844,164.67632372582233,165.18316516338015,145.66745765800667,194.17499760588777,195.70282175594298,15.733183326506348,16.000503307330924,77.69809811814272,73.48983921050186,70.58156538020651,70.09932388137625,1.0,0.0,0.0,0.0,0.0,0.0,0.0,24.0,0.0,4.94997802237086,5.586849680067225,5.263954583181079,-0.1192031588123772,True
2013-10,CSiOPKW1OQP,88.12547535385222,85.05967132447847,73.3745146758426,64.3575468249722,98.85329605869899,71.29504430787975,20.280746780733214,19.97516544545431,68.37636264789091,70.61108572357449,61.19637468723781,62.42723733745459,0.0,1.0,0.0,0.0,0.0,0.0,0.8408964152537145,1.0,1.6429,6.663066646119304,6.735894665354043,7.285833771930872,-0.8094893781571537,True
2013-10,EritxSJ4SVG,109.81842821689098,70.48523864221687,77.34922163056888,70.12632633454946,106.7304257835873,114.61166781241441,21.42061035123722,21.64119575939721,71.4447055397673,67.70674711168986,63.58690236706204,63.12146779993668,0.0,0.0,1.0,0.0,0.0,0.0,0.0,24.0,0.0,6.255748981189556,6.251544192860708,6.357121946041299,0.40641487503291884,True
2013-10,Fczy0xwaJSy,390.3634371524571,271.28018852569073,276.2514778753365,211.12818533916348,339.10943396153016,451.3030355602924,13.167402119798743,13.38938925251272,81.7914534643352,78.40626087957166,72.7328781223021,74.36918336279324,0.0,0.0,0.0,1.0,0.0,0.0,0.0,24.0,0.0,,1.4346138954798182,,-0.1538913613095514,False
2013-10,Gu5PQzqP3oc,291.14060335995475,206.89035862199086,216.61518946361733,187.24018769137797,344.46667024457236,280.5277055151084,18.006281544880483,18.34404930275875,77.3998988448111,72.88247636530009,70.12967453079946,70.41296429431081,0.0,0.0,0.0,0.0,1.0,0.0,0.0,24.0,0.0,5.784994813442742,5.594697451984826,5.411542322283327,-0.0161795134769962,True
2013-11,BzhJzdAGARk,107.68259883922016,225.55586254340844,164.67632372582233,165.18316516338015,145.66745765800667,194.17499760588777,15.880790132206851,15.733183326506348,72.84129118160673,77.69809811814272,73.48983921050186,70.58156538020651,1.0,0.0,0.0,0.0,0.0,0.0,0.0,24.0,0.0,4.830774863558482,4.94997802237086,5.586849680067225,0.8249657178299783,True
2013-11,CSiOPKW1OQP,55.34442533327644,88.12547535385222,85.05967132447847,73.3745146758426,64.3575468249722,98.85329605869899,20.27011715187762,20.280746780733214,65.24901064841254,68.37636264789091,70.61108572357449,61.19637468723781,0.0,1.0,0.0,0.0,0.0,0.0,0.7071067811865475,2.0,1.6429,5.853577267962151,6.663066646119304,6.735894665354043,-0.6914440748633703,True
2013-11,EritxSJ4SVG,35.937854613805634,109.81842821689098,70.48523864221687,77.34922163056888,70.12632633454946,106.7304257835873,21.57138468126661,21.42061035123722,65.5480490700597,71.4447055397673,67.70674711168986,63.58690236706204,0.0,0.0,1.0,0.0,0.0,0.0,0.0,24.0,0.0,6.696800653593684,6.255748981189556,6.251544192860708,0.10783005002542634,True
2013-11,Fczy0xwaJSy,199.5319876108863,390.3634371524571,271.28018852569073,276.2514778753365,211.12818533916348,339.10943396153016,13.215722207897478,13.167402119798743,76.69177688918022,81.7914534643352,78.40626087957166,72.7328781223021,0.0,0.0,0.0,1.0,0.0,0.0,0.0,24.0,0.0,1.112820297806718,,1.4346138954798182,1.217433852499557,False
2013-11,Gu5PQzqP3oc,185.47540649966248,291.14060335995475,206.89035862199086,216.61518946361733,187.24018769137797,344.46667024457236,18.27216815161021,18.006281544880483,73.35878511269593,77.3998988448111,72.88247636530009,70.12967453079946,0.0,0.0,0.0,0.0,1.0,0.0,0.0,24.0,0.0,5.734182663153479,5.784994813442742,5.594697451984826,0.4932955207869858,True
2013-12,BzhJzdAGARk,200.64930379592516,107.68259883922016,225.55586254340844,164.67632372582233,165.18316516338015,145.66745765800667,15.740357111486775,15.880790132206851,75.52906558856084,72.84129118160673,77.69809811814272,73.48983921050186,1.0,0.0,0.0,0.0,0.0,0.0,0.0,24.0,0.0,5.655740581388461,4.830774863558482,4.94997802237086,-0.5623783131180051,True
2013-12,CSiOPKW1OQP,123.29774163607783,55.34442533327644,88.12547535385222,85.05967132447847,73.3745146758426,64.3575468249722,19.89221060412259,20.27011715187762,69.31811205886254,65.24901064841254,68.37636264789091,70.61108572357449,0.0,1.0,0.0,0.0,0.0,0.0,0.5946035575013604,3.0,1.6429,5.16213319309878,5.853577267962151,6.663066646119304,0.07217474075983166,True
2013-12,EritxSJ4SVG,104.22200994409062,35.937854613805634,109.81842821689098,70.48523864221687,77.34922163056888,70.12632633454946,21.390356663493804,21.57138468126661,69.01943391568514,65.5480490700597,71.4447055397673,67.70674711168986,0.0,0.0,1.0,0.0,0.0,0.0,0.0,24.0,0.0,6.747196385294227,6.696800653593684,6.255748981189556,0.2959108599213076,True
2013-12,Fczy0xwaJSy,286.85858160559917,199.5319876108863,390.3634371524571,271.28018852569073,276.2514778753365,211.12818533916348,13.059335539637416,13.215722207897478,79.31829792986925,76.69177688918022,81.7914534643352,78.40626087957166,0.0,0.0,0.0,1.0,0.0,0.0,0.0,24.0,0.0,2.5474609436199347,1.112820297806718,,-0.4472683669378772,False
2013-12,Gu5PQzqP3oc,234.94422846912573,185.47540649966248,291.14060335995475,206.89035862199086,216.61518946361733,187.24018769137797,18.142901821593544,18.27216815161021,75.91421476868575,73.35878511269593,77.3998988448111,72.88247636530009,0.0,0.0,0.0,0.0,1.0,0.0,0.0,24.0,0.0,6.1417362153685,5.734182663153479,5.784994813442742,-0.19709607654492967,True
2014-01,BzhJzdAGARk,200.82158946702106,200.64930379592516,107.68259883922016,225.55586254340844,164.67632372582233,165.18316516338015,15.882168646663084,15.740357111486775,75.49824257168684,75.52906558856084,72.84129118160673,77.69809811814272,1.0,0.0,0.0,0.0,0.0,0.0,0.0,24.0,0.0,5.093362268270456,5.655740581388461,4.830774863558482,0.09110316363962045,True
2014-01,CSiOPKW1OQP,111.90929642453244,123.29774163607783,55.34442533327644,88.12547535385222,85.05967132447847,73.3745146758426,19.997265466323547,19.89221060412259,69.95034746113667,69.31811205886254,65.24901064841254,68.37636264789091,0.0,1.0,0.0,0.0,0.0,0.0,0.4999999999999999,4.0,1.6429,5.234307933858612,5.16213319309878,5.853577267962151,0.4434839511348905,True
2014-01,EritxSJ4SVG,99.19915031267286,104.22200994409062,35.937854613805634,109.81842821689098,70.48523864221687,77.34922163056888,21.304386282281445,21.390356663493804,69.74915013255884,69.01943391568514,65.5480490700597,71.4447055397673,0.0,0.0,1.0,0.0,0.0,0.0,0.0,24.0,0.0,6.964017877774183,6.747196385294227,6.696800653593684,0.21905031607849956,True
2014-01,Fczy0xwaJSy,330.9538945774432,286.85858160559917,199.5319876108863,390.3634371524571,271.28018852569073,276.2514778753365,13.197093896075748,13.059335539637416,80.57973226348473,79.31829792986925,76.69177688918022,81.7914534643352,0.0,0.0,0.0,1.0,0.0,0.0,0.0,24.0,0.0,1.72324412103998,2.5474609436199347,1.112820297806718,-0.37576782387514684,True
2014-01,Gu5PQzqP3oc,407.7496701494688,234.94422846912573,185.47540649966248,291.14060335995475,206.89035862199086,216.61518946361733,18.057424651011186,18.142901821593544,75.99470665711783,75.91421476868575,73.35878511269593,77.3998988448111,0.0,0.0,0.0,0.0,1.0,0.0,0.0,24.0,0.0,5.91565656092778,6.1417362153685,5.734182663153479,0.6660757364925782,True
2014-02,BzhJzdAGARk,123.29404993488028,200.82158946702106,200.64930379592516,107.68259883922016,225.55586254340844,164.67632372582233,16.07737768845162,15.882168646663084,73.83791390698505,75.49824257168684,75.52906558856084,72.84129118160673,1.0,0.0,0.0,0.0,0.0,0.0,0.0,24.0,0.0,5.184465431910076,5.093362268270456,5.655740581388461,0.21018585196213824,True
2014-02,CSiOPKW1OQP,72.75993417991924,111.90929642453244,123.29774163607783,55.34442533327644,88.12547535385222,85.05967132447847,19.802557895712013,19.997265466323547,69.86622171625405,69.95034746113667,69.31811205886254,65.24901064841254,0.0,1.0,0.0,0.0,0.0,1.0,1.0,0.0,2.6429,5.6777918849935025,5.234307933858612,5.16213319309878,0.10088414219251707,True
2014-02,EritxSJ4SVG,90.14019775184298,99.19915031267286,104.22200994409062,35.937854613805634,109.81842821689098,70.48523864221687,21.414703750095757,21.304386282281445,69.58386369131485,69.74915013255884,69.01943391568514,65.5480490700597,0.0,0.0,1.0,0.0,0.0,0.0,0.0,24.0,0.0,7.116589642639289,6.964017877774183,6.747196385294227,-0.00845467056781235,True
2014-02,Fczy0xwaJSy,266.0105178703028,330.9538945774432,286.85858160559917,199.5319876108863,390.3634371524571,271.28018852569073,13.245139806329341,13.197093896075748,78.98347955266391,80.57973226348473,79.31829792986925,76.69177688918022,0.0,0.0,0.0,1.0,0.0,0.0,0.0,24.0,0.0,0.9852753896451522,1.72324412103998,2.5474609436199347,-0.19794684765730453,True
2014-02,Gu5PQzqP3oc,227.59346485637087,407.7496701494688,234.94422846912573,185.47540649966248,291.14060335995475,206.89035862199086,18.350567076951734,18.057424651011186,74.71821068562637,75.99470665711783,75.91421476868575,73.35878511269593,0.0,0.0,0.0,0.0,1.0,0.0,0.0,24.0,0.0,6.511609013144481,5.91565656092778,6.1417362153685,-0.40325924164848903,True
2014-03,BzhJzdAGARk,212.53817746398846,123.29404993488028,200.82158946702106,200.64930379592516,107.68259883922016,225.55586254340844,15.881926759727518,16.07737768845162,75.14995251452991,73.83791390698505,75.49824257168684,75.52906558856084,1.0,0.0,0.0,0.0,0.0,0.0,0.0,24.0,0.0,5.394651283872214,5.184465431910076,5.093362268270456,-0.3827016542999946,True
2014-03,CSiOPKW1OQP,78.57296475433193,72.75993417991924,111.90929642453244,123.29774163607783,55.34442533327644,88.12547535385222,20.621544551172676,19.802557895712013,63.90783038138811,69.86622171625405,69.95034746113667,69.31811205886254,0.0,1.0,0.0,0.0,0.0,0.0,0.8408964152537145,1.0,2.6429,5.77867602718602,5.6777918849935025,5.234307933858612,-0.5757288589886258,True
2014-03,EritxSJ4SVG,69.59803239282749,90.14019775184298,99.19915031267286,104.22200994409062,35.937854613805634,109.81842821689098,21.563716080022292,21.414703750095757,66.94517991775517,69.58386369131485,69.74915013255884,69.01943391568514,0.0,0.0,1.0,0.0,0.0,0.0,0.0,24.0,0.0,7.026630248153666,7.116589642639289,6.964017877774183,0.27947725443425053,True
2014-03,Fczy0xwaJSy,251.39365316020286,266.0105178703028,330.9538945774432,286.85858160559917,199.5319876108863,390.3634371524571,13.500173572550192,13.245139806329341,75.85605483766898,78.98347955266391,80.57973226348473,79.31829792986925,0.0,0.0,0.0,1.0,0.0,0.0,0.0,24.0,0.0,1.2502915924261437,0.9852753896451522,1.72324412103998,0.82272456279349,True
2014-03,Gu5PQzqP3oc,201.00403663837625,227.59346485637087,407.7496701494688,234.94422846912573,185.47540649966248,291.14060335995475,18.27110797972235,18.350567076951734,73.36174280913906,74.71821068562637,75.99470665711783,75.91421476868575,0.0,0.0,0.0,0.0,1.0,0.0,0.0,24.0,0.0,6.140108127809847,6.511609013144481,5.91565656092778,-0.43345421422738806,True
2014-04,BzhJzdAGARk,132.5856083263555,212.53817746398846,123.29404993488028,200.82158946702106,200.64930379592516,107.68259883922016,15.797212236127203,15.881926759727518,74.33690035576248,75.14995251452991,73.83791390698505,75.49824257168684,1.0,0.0,0.0,0.0,0.0,0.0,0.0,24.0,0.0,5.01194962957222,5.394651283872214,5.184465431910076,0.09130555258974837,True
2014-04,CSiOPKW1OQP,76.61673589104166,78.57296475433193,72.75993417991924,111.90929642453244,123.29774163607783,55.34442533327644,19.94564883703891,20.621544551172676,69.00091377989243,63.90783038138811,69.86622171625405,69.95034746113667,0.0,1.0,0.0,0.0,0.0,0.0,0.7071067811865475,2.0,2.6429,5.202947168197394,5.77867602718602,5.6777918849935025,-1.5508800703847778,True
2014-04,EritxSJ4SVG,77.42063035930141,69.59803239282749,90.14019775184298,99.19915031267286,104.22200994409062,35.937854613805634,21.408228907644354,21.563716080022292,68.73176600137657,66.94517991775517,69.58386369131485,69.74915013255884,0.0,0.0,1.0,0.0,0.0,0.0,0.0,24.0,0.0,7.274810446631352,7.026630248153666,7.116589642639289,-0.10509007868698639,True
2014-04,Fczy0xwaJSy,230.99455141034224,251.39365316020286,266.0105178703028,330.9538945774432,286.85858160559917,199.5319876108863,13.141038805118512,13.500173572550192,79.41502157362892,75.85605483766898,78.98347955266391,80.57973226348473,0.0,0.0,0.0,1.0,0.0,0.0,0.0,24.0,0.0,2.3567134609851967,1.2502915924261437,0.9852753896451522,-0.5898374252678622,True
2014-04,Gu5PQzqP3oc,196.33207183981153,201.00403663837625,227.59346485637087,407.7496701494688,234.94422846912573,185.47540649966248,18.11293521476931,18.27110797972235,74.55313068678583,73.36174280913906,74.71821068562637,75.99470665711783,0.0,0.0,0.0,0.0,1.0,0.0,0.0,24.0,0.0,5.643225267795351,6.140108127809847,6.511609013144481,0.26840964520874255,True
2014-05,BzhJzdAGARk,61.00883106929997,132.5856083263555,212.53817746398846,123.29404993488028,200.82158946702106,200.64930379592516,15.939009039083547,15.797212236127203,72.84713514774295,74.33690035576248,75.14995251452991,73.83791390698505,1.0,0.0,0.0,0.0,0.0,0.0,0.0,24.0,0.0,5.103255182161968,5.01194962957222,5.394651283872214,0.4307674169122633,True
2014-05,CSiOPKW1OQP,9.548286889773877,76.61673589104166,78.57296475433193,72.75993417991924,111.90929642453244,123.29774163607783,20.249719927712682,19.94564883703891,65.0182636643721,69.00091377989243,63.90783038138811,69.86622171625405,0.0,1.0,0.0,0.0,0.0,0.0,0.5946035575013604,3.0,2.6429,3.652067097812616,5.202947168197394,5.77867602718602,0.06803583196718632,True
2014-05,EritxSJ4SVG,25.77018743578857,77.42063035930141,69.59803239282749,90.14019775184298,99.19915031267286,104.22200994409062,21.681729315499286,21.408228907644354,66.0250682569963,68.73176600137657,66.94517991775517,69.58386369131485,0.0,0.0,1.0,0.0,0.0,0.0,0.0,24.0,0.0,7.123417003593167,7.274810446631352,7.026630248153666,0.18731892664022975,True
2014-05,Fczy0xwaJSy,130.976477572095,230.99455141034224,251.39365316020286,266.0105178703028,330.9538945774432,286.85858160559917,13.276767880276664,13.141038805118512,76.45207982938601,79.41502157362892,75.85605483766898,78.98347955266391,0.0,0.0,0.0,1.0,0.0,0.0,0.0,24.0,0.0,1.3285286448337188,2.3567134609851967,1.2502915924261437,0.46299127246286487,True
2014-05,Gu5PQzqP3oc,173.82884278682397,196.33207183981153,201.00403663837625,227.59346485637087,407.7496701494688,234.94422846912573,18.26755833897905,18.11293521476931,73.55300982277261,74.55313068678583,73.36174280913906,74.71821068562637,0.0,0.0,0.0,0.0,1.0,0.0,0.0,24.0,0.0,5.85981715302079,5.643225267795351,6.140108127809847,-0.16478573800735585,True
2014-06,BzhJzdAGARk,151.9632517864374,61.00883106929997,132.5856083263555,212.53817746398846,123.29404993488028,200.82158946702106,16.214361798025113,15.939009039083547,71.03602416572848,72.84713514774295,74.33690035576248,75.14995251452991,1.0,0.0,0.0,0.0,0.0,0.0,0.0,24.0,0.0,5.534022599074231,5.103255182161968,5.01194962957222,0.34663458922138,True
2014-06,CSiOPKW1OQP,79.76773313991187,9.548286889773877,76.61673589104166,78.57296475433193,72.75993417991924,111.90929642453244,20.645638164853615,20.249719927712682,64.17242677549935,65.0182636643721,69.00091377989243,63.90783038138811,0.0,1.0,0.0,0.0,0.0,0.0,0.4999999999999999,4.0,2.6429,3.7201029297798023,3.652067097812616,5.202947168197394,0.34303337342955675,True
2014-06,EritxSJ4SVG,58.172975401072776,25.77018743578857,77.42063035930141,69.59803239282749,90.14019775184298,99.19915031267286,22.14954342479848,21.681729315499286,64.11392568532428,66.0250682569963,68.73176600137657,66.94517991775517,0.0,0.0,1.0,0.0,0.0,0.0,0.0,24.0,0.0,7.286855646512906,7.123417003593167,7.274810446631352,-0.16473074517811082,True
2014-06,Fczy0xwaJSy,275.0588873670092,130.976477572095,230.99455141034224,251.39365316020286,266.0105178703028,330.9538945774432,13.229985248908706,13.276767880276664,76.75458819698977,76.45207982938601,79.41502157362892,75.85605483766898,0.0,0.0,0.0,1.0,0.0,0.0,0.0,24.0,0.0,1.6833474426617363,1.3285286448337188,2.3567134609851967,0.4172247256555528,True
2014-06,Gu5PQzqP3oc,122.06666091229685,173.82884278682397,196.33207183981153,201.00403663837625,227.59346485637087,407.7496701494688,18.641787292938748,18.26755833897905,71.0595327587037,73.55300982277261,74.55313068678583,73.36174280913906,0.0,0.0,0.0,0.0,1.0,0.0,0.0,24.0,0.0,5.794765983442849,5.85981715302079,5.643225267795351,0.9734015669416971,True
2014-07,BzhJzdAGARk,181.23750733126755,151.9632517864374,61.00883106929997,132.5856083263555,212.53817746398846,123.29404993488028,16.116195973691205,16.214361798025113,75.07581412036038,71.03602416572848,72.84713514774295,74.33690035576248,1.0,0.0,0.0,0.0,0.0,0.0,0.0,24.0,0.0,5.880657188295611,5.534022599074231,5.103255182161968,-0.15099966578537316,True
2014-07,CSiOPKW1OQP,80.83841155140095,79.76773313991187,9.548286889773877,76.61673589104166,78.57296475433193,72.75993417991924,20.2261403968641,20.645638164853615,69.71231274998301,64.17242677549935,65.0182636643721,69.00091377989243,0.0,1.0,0.0,0.0,0.0,0.0,0.42044820762685714,5.0,2.6429,4.063136303209359,3.7201029297798023,3.652067097812616,0.2975966681456059,True
2014-07,EritxSJ4SVG,85.93721419150867,58.172975401072776,25.77018743578857,77.42063035930141,69.59803239282749,90.14019775184298,21.755942849514636,22.14954342479848,69.98829543562462,64.11392568532428,66.0250682569963,68.73176600137657,0.0,0.0,1.0,0.0,0.0,0.0,0.0,24.0,0.0,7.105948539553676,7.286855646512906,7.123417003593167,0.008561988813531762,True
2014-07,Fczy0xwaJSy,312.2463551533292,275.0588873670092,130.976477572095,230.99455141034224,251.39365316020286,266.0105178703028,13.39747734962371,13.229985248908706,79.84890514459319,76.75458819698977,76.45207982938601,79.41502157362892,0.0,0.0,0.0,1.0,0.0,0.0,0.0,24.0,0.0,2.380394936308168,1.6833474426617363,1.3285286448337188,0.02486288991980201,True
2014-07,Gu5PQzqP3oc,269.89911532106055,122.06666091229685,173.82884278682397,196.33207183981153,201.00403663837625,227.59346485637087,18.440507804774438,18.641787292938748,75.48704338963209,71.0595327587037,73.55300982277261,74.55313068678583,0.0,0.0,0.0,0.0,1.0,0.0,0.0,24.0,0.0,6.861864938750012,5.794765983442849,5.85981715302079,-0.16022860026196994,True
2014-08,BzhJzdAGARk,181.2465174534468,181.23750733126755,151.9632517864374,61.00883106929997,132.5856083263555,212.53817746398846,16.144141831089033,16.116195973691205,74.91845518844347,75.07581412036038,71.03602416572848,72.84713514774295,1.0,0.0,0.0,0.0,0.0,0.0,0.0,24.0,0.0,5.729657522510238,5.880657188295611,5.534022599074231,0.3119876271185147,True
2014-08,CSiOPKW1OQP,86.739290607312,80.83841155140095,79.76773313991187,9.548286889773877,76.61673589104166,78.57296475433193,20.406378493747212,20.2261403968641,67.91254383960299,69.71231274998301,64.17242677549935,65.0182636643721,0.0,1.0,0.0,0.0,0.0,0.0,0.3535533905932736,6.0,2.6429,4.360732971354965,4.063136303209359,3.7201029297798023,-0.3913131253355453,True
2014-08,EritxSJ4SVG,95.84837103048973,85.93721419150867,58.172975401072776,25.77018743578857,77.42063035930141,69.59803239282749,21.618221243055594,21.755942849514636,70.22425952273943,69.98829543562462,64.11392568532428,66.0250682569963,0.0,0.0,1.0,0.0,0.0,0.0,0.0,24.0,0.0,7.1145536806446215,7.105948539553676,7.286855646512906,0.4220229536292113,True
2014-08,Fczy0xwaJSy,366.18113724084793,312.2463551533292,275.0588873670092,130.976477572095,230.99455141034224,251.39365316020286,13.384983925565642,13.39747734962371,80.55444047727164,79.84890514459319,76.75458819698977,76.45207982938601,0.0,0.0,0.0,1.0,0.0,0.0,0.0,24.0,0.0,2.057895579512471,2.380394936308168,1.6833474426617363,-0.3841892973426111,True
2014-08,Gu5PQzqP3oc,239.14272101698,269.89911532106055,122.06666091229685,173.82884278682397,196.33207183981153,201.00403663837625,18.29876068419756,18.440507804774438,75.86505015443097,75.48704338963209,71.0595327587037,73.55300982277261,0.0,0.0,0.0,0.0,1.0,0.0,0.0,24.0,0.0,6.825074628250093,6.861864938750012,5.794765983442849,0.48506674256863125,True
2014-09,BzhJzdAGARk,221.9283175975756,181.2465174534468,181.23750733126755,151.9632517864374,61.00883106929997,132.5856083263555,15.501122832229514,16.144141831089033,82.25062274309938,74.91845518844347,75.07581412036038,71.03602416572848,1.0,0.0,0.0,0.0,0.0,0.0,0.0,24.0,0.0,6.041645149628753,5.729657522510238,5.880657188295611,0.185169423105088,True
2014-09,CSiOPKW1OQP,132.58794254164434,86.739290607312,80.83841155140095,79.76773313991187,9.548286889773877,76.61673589104166,19.370355324888124,20.406378493747212,77.65791276746388,67.91254383960299,69.71231274998301,64.17242677549935,0.0,1.0,0.0,0.0,0.0,1.0,1.0,0.0,3.6429,3.9694198460194197,4.360732971354965,4.063136303209359,0.26511081990385277,True
2014-09,EritxSJ4SVG,115.14566791950043,95.84837103048973,85.93721419150867,58.172975401072776,25.77018743578857,77.42063035930141,20.63919414906313,21.618221243055594,78.91201070951215,70.22425952273943,69.98829543562462,64.11392568532428,0.0,0.0,1.0,0.0,0.0,0.0,0.0,24.0,0.0,7.559737621290852,7.1145536806446215,7.105948539553676,0.7655452645109859,True
2014-09,Fczy0xwaJSy,523.7251684636228,366.18113724084793,312.2463551533292,275.0588873670092,130.976477572095,230.99455141034224,12.889305129759745,13.384983925565642,88.30140473854254,80.55444047727164,79.84890514459319,76.75458819698977,0.0,0.0,0.0,1.0,0.0,0.0,0.0,24.0,0.0,1.4222650554085492,2.057895579512471,2.380394936308168,0.3451145805978575,True
2014-09,Gu5PQzqP3oc,281.7006530094906,239.14272101698,269.89911532106055,122.06666091229685,173.82884278682397,196.33207183981153,17.844814006108074,18.29876068419756,81.33663281419601,75.86505015443097,75.48704338963209,71.0595327587037,0.0,0.0,0.0,0.0,1.0,0.0,0.0,24.0,0.0,7.1682855236877705,6.825074628250093,6.861864938750012,0.4136513733612892,True
2014-10,BzhJzdAGARk,206.00215053199037,221.9283175975756,181.2465174534468,181.23750733126755,151.9632517864374,61.00883106929997,15.63142831510227,15.501122832229514,77.43539298597658,82.25062274309938,74.91845518844347,75.07581412036038,1.0,0.0,0.0,0.0,0.0,0.0,0.0,24.0,0.0,6.226814572733841,6.041645149628753,5.729657522510238,0.3021061464837764,True
2014-10,CSiOPKW1OQP,105.20460967960946,132.58794254164434,86.739290607312,80.83841155140095,79.76773313991187,9.548286889773877,19.378102216605534,19.370355324888124,72.8942225977257,77.65791276746388,67.91254383960299,69.71231274998301,0.0,1.0,0.0,0.0,0.0,0.0,0.8408964152537145,1.0,3.6429,4.234530665923272,3.9694198460194197,4.360732971354965,-0.7580848293755773,True
2014-10,EritxSJ4SVG,98.30860316261624,115.14566791950043,95.84837103048973,85.93721419150867,58.172975401072776,25.77018743578857,20.71072691947223,20.63919414906313,73.32022282204245,78.91201070951215,70.22425952273943,69.98829543562462,0.0,0.0,1.0,0.0,0.0,0.0,0.0,24.0,0.0,8.252175262309105,7.559737621290852,7.1145536806446215,0.07491012095790417,True
2014-10,Fczy0xwaJSy,340.40906702961894,523.7251684636228,366.18113724084793,312.2463551533292,275.0588873670092,130.976477572095,12.966334602190775,12.889305129759745,81.41311259320334,88.30140473854254,80.55444047727164,79.84890514459319,0.0,0.0,0.0,1.0,0.0,0.0,0.0,24.0,0.0,2.040239240249802,1.4222650554085492,2.057895579512471,0.7130361142900319,True
2014-10,Gu5PQzqP3oc,298.2172479687293,281.7006530094906,239.14272101698,269.89911532106055,122.06666091229685,173.82884278682397,17.901927333541853,17.844814006108074,77.66197973414393,81.33663281419601,75.86505015443097,75.48704338963209,0.0,0.0,0.0,0.0,1.0,0.0,0.0,24.0,0.0,7.380944854316649,7.1682855236877705,6.825074628250093,-0.02697849116804729,True
2014-11,BzhJzdAGARk,212.71275668057547,206.00215053199037,221.9283175975756,181.2465174534468,181.23750733126755,151.9632517864374,16.084471429275418,15.63142831510227,73.91338803426525,77.43539298597658,82.25062274309938,74.91845518844347,1.0,0.0,0.0,0.0,0.0,0.0,0.0,24.0,0.0,6.528920719217617,6.226814572733841,6.041645149628753,-0.21283320364889136,True
2014-11,CSiOPKW1OQP,107.59449337275716,105.20460967960946,132.58794254164434,86.739290607312,80.83841155140095,79.76773313991187,20.171909530467754,19.378102216605534,69.1483533493293,72.8942225977257,77.65791276746388,67.91254383960299,0.0,1.0,0.0,0.0,0.0,0.0,0.7071067811865475,2.0,3.6429,3.476445836547695,4.234530665923272,3.9694198460194197,-0.2643089649302177,True
2014-11,EritxSJ4SVG,104.53714740874665,98.30860316261624,115.14566791950043,95.84837103048973,85.93721419150867,58.172975401072776,21.366375884828482,20.71072691947223,70.88332170150208,73.32022282204245,78.91201070951215,70.22425952273943,0.0,0.0,1.0,0.0,0.0,0.0,0.0,24.0,0.0,8.133720660523213,8.252175262309105,7.559737621290852,0.15195876766012084,True
2014-11,Fczy0xwaJSy,423.71294583403596,340.40906702961894,523.7251684636228,366.18113724084793,312.2463551533292,275.0588873670092,13.421049978329373,12.966334602190775,79.86955497139473,81.41311259320334,88.30140473854254,80.55444047727164,0.0,0.0,0.0,1.0,0.0,0.0,0.0,24.0,0.0,2.8413597359846197,2.040239240249802,1.4222650554085492,-1.0514349850176652,True
2014-11,Gu5PQzqP3oc,185.41790555695948,298.2172479687293,281.7006530094906,239.14272101698,269.89911532106055,122.06666091229685,18.278159954327236,17.901927333541853,74.25035371134884,77.66197973414393,81.33663281419601,75.86505015443097,0.0,0.0,0.0,0.0,1.0,0.0,0.0,24.0,0.0,7.182584835164598,7.380944854316649,7.1682855236877705,-0.1239755794832833,True
2014-12,BzhJzdAGARk,156.81182624165314,212.71275668057547,206.00215053199037,221.9283175975756,181.2465174534468,181.23750733126755,16.228778031802698,16.084471429275418,73.2058201558377,73.91338803426525,77.43539298597658,82.25062274309938,1.0,0.0,0.0,0.0,0.0,0.0,0.0,24.0,0.0,6.316087515568726,6.528920719217617,6.226814572733841,0.11861891478323017,True
2014-12,CSiOPKW1OQP,40.22637727357221,107.59449337275716,105.20460967960946,132.58794254164434,86.739290607312,80.83841155140095,20.57737344620989,20.171909530467754,66.12262010928082,69.1483533493293,72.8942225977257,77.65791276746388,0.0,1.0,0.0,0.0,0.0,0.0,0.5946035575013604,3.0,3.6429,3.2121368716174774,3.476445836547695,4.234530665923272,0.917181564423823,True
2014-12,EritxSJ4SVG,47.67897336591338,104.53714740874665,98.30860316261624,115.14566791950043,95.84837103048973,85.93721419150867,21.97647534828443,21.366375884828482,66.62917222012489,70.88332170150208,73.32022282204245,78.91201070951215,0.0,0.0,1.0,0.0,0.0,0.0,0.0,24.0,0.0,8.158522638206902,8.133720660523213,8.252175262309105,-0.13841429584075549,True
2014-12,Fczy0xwaJSy,268.76985969576424,423.71294583403596,340.40906702961894,523.7251684636228,366.18113724084793,312.2463551533292,13.349486164785233,13.421049978329373,78.7978975011541,79.86955497139473,81.41311259320334,88.30140473854254,0.0,0.0,0.0,1.0,0.0,0.0,0.0,24.0,0.0,1.2163165806038387,2.8413597359846197,2.040239240249802,1.0946287371859071,True
2014-12,Gu5PQzqP3oc,262.94281591600645,185.41790555695948,298.2172479687293,281.7006530094906,239.14272101698,269.89911532106055,18.533324281571637,18.278159954327236,73.28450372038867,74.25035371134884,77.66197973414393,81.33663281419601,0.0,0.0,0.0,0.0,1.0,0.0,0.0,24.0,0.0,6.953783312592696,7.182584835164598,7.380944854316649,0.2539182537644882,True
2015-01,BzhJzdAGARk,151.60133062480347,156.81182624165314,212.71275668057547,206.00215053199037,221.9283175975756,181.2465174534468,16.279418193029322,16.228778031802698,72.60709715910225,73.2058201558377,73.91338803426525,77.43539298597658,1.0,0.0,0.0,0.0,0.0,0.0,0.0,24.0,0.0,6.434706430351956,6.316087515568726,6.528920719217617,-0.1745564190177129,True
2015-01,CSiOPKW1OQP,65.46519922771161,40.22637727357221,107.59449337275716,105.20460967960946,132.58794254164434,86.739290607312,20.595012943918583,20.57737344620989,64.9547130161787,66.12262010928082,69.1483533493293,72.8942225977257,0.0,1.0,0.0,0.0,0.0,0.0,0.4999999999999999,4.0,3.6429,4.1293184360413004,3.2121368716174774,3.476445836547695,0.2960703736072663,True
2015-01,EritxSJ4SVG,79.14011995500466,47.67897336591338,104.53714740874665,98.30860316261624,115.14566791950043,95.84837103048973,21.90050452568412,21.97647534828443,65.86322337737592,66.62917222012489,70.88332170150208,73.32022282204245,0.0,0.0,1.0,0.0,0.0,0.0,0.0,24.0,0.0,7.983050079452944,8.158522638206902,8.133720660523213,-0.3284589163035534,True
2015-01,Fczy0xwaJSy,130.1849492134316,268.76985969576424,423.71294583403596,340.40906702961894,523.7251684636228,366.18113724084793,13.493698064414176,13.349486164785233,75.68648664587448,78.7978975011541,79.86955497139473,81.41311259320334,0.0,0.0,0.0,1.0,0.0,0.0,0.0,24.0,0.0,2.490059445915157,1.2163165806038387,2.8413597359846197,0.32002930006449937,True
2015-01,Gu5PQzqP3oc,38.54622575363547,262.94281591600645,185.41790555695948,298.2172479687293,281.7006530094906,239.14272101698,18.756249586138182,18.533324281571637,71.10974699759913,73.28450372038867,74.25035371134884,77.66197973414393,0.0,0.0,0.0,0.0,1.0,0.0,0.0,24.0,0.0,7.232111631680232,6.953783312592696,7.182584835164598,0.3392384336168064,True
2015-02,BzhJzdAGARk,132.14743398930244,151.60133062480347,156.81182624165314,212.71275668057547,206.00215053199037,221.9283175975756,15.984118234537824,16.279418193029322,71.72179176202971,72.60709715910225,73.2058201558377,73.91338803426525,1.0,0.0,0.0,0.0,0.0,0.0,0.0,24.0,0.0,6.260150011334243,6.434706430351956,6.316087515568726,0.4357027628142083,True
2015-02,CSiOPKW1OQP,54.02167754297557,65.46519922771161,40.22637727357221,107.59449337275716,105.20460967960946,132.58794254164434,20.802898899313575,20.595012943918583,60.69344328961316,64.9547130161787,66.12262010928082,69.1483533493293,0.0,1.0,0.0,0.0,0.0,1.0,1.0,0.0,4.6429,4.425388809648567,4.1293184360413004,3.2121368716174774,-0.4343393813962093,True
2015-02,EritxSJ4SVG,53.96164723180164,79.14011995500466,47.67897336591338,104.53714740874665,98.30860316261624,115.14566791950043,22.222468393997396,21.90050452568412,61.86206814895356,65.86322337737592,66.62917222012489,70.88332170150208,0.0,0.0,1.0,0.0,0.0,0.0,0.0,24.0,0.0,7.655439679180006,7.983050079452944,8.158522638206902,-0.08591586891389191,True
2015-02,Fczy0xwaJSy,187.48127472979849,130.1849492134316,268.76985969576424,423.71294583403596,340.40906702961894,523.7251684636228,13.352311189365295,13.493698064414176,73.85227847179554,75.68648664587448,78.7978975011541,79.86955497139473,0.0,0.0,0.0,1.0,0.0,0.0,0.0,24.0,0.0,3.0215951127773044,2.490059445915157,1.2163165806038387,-0.25884463129008894,True
2015-02,Gu5PQzqP3oc,152.47111558865856,38.54622575363547,262.94281591600645,185.41790555695948,298.2172479687293,281.7006530094906,18.45738051246468,18.756249586138182,68.78955729450124,71.10974699759913,73.28450372038867,74.25035371134884,0.0,0.0,0.0,0.0,1.0,0.0,0.0,24.0,0.0,7.731773773579955,7.232111631680232,6.953783312592696,0.27718025260856916,True
2015-03,BzhJzdAGARk,128.41965384352258,132.14743398930244,151.60133062480347,156.81182624165314,212.71275668057547,206.00215053199037,16.18163553130416,15.984118234537824,73.13503323409634,71.72179176202971,72.60709715910225,73.2058201558377,1.0,0.0,0.0,0.0,0.0,0.0,0.0,24.0,0.0,6.6958527741484515,6.260150011334243,6.434706430351956,-0.13758126912640023,True
2015-03,CSiOPKW1OQP,63.95198808169752,54.02167754297557,65.46519922771161,40.22637727357221,107.59449337275716,105.20460967960946,20.83699038405191,20.802898899313575,63.66193051378542,60.69344328961316,64.9547130161787,66.12262010928082,0.0,1.0,0.0,0.0,0.0,0.0,0.8408964152537145,1.0,4.6429,3.9910494282523574,4.425388809648567,4.1293184360413004,-0.6025819102292855,True
2015-03,EritxSJ4SVG,83.06142772642815,53.96164723180164,79.14011995500466,47.67897336591338,104.53714740874665,98.30860316261624,21.773044436693148,22.222468393997396,66.73403008136256,61.86206814895356,65.86322337737592,66.62917222012489,0.0,0.0,1.0,0.0,0.0,0.0,0.0,24.0,0.0,7.646112700804269,7.655439679180006,7.983050079452944,-0.3752537105543041,True
2015-03,Fczy0xwaJSy,277.7729591709709,187.48127472979849,130.1849492134316,268.76985969576424,423.71294583403596,340.40906702961894,13.301686664451296,13.352311189365295,79.77885089243709,73.85227847179554,75.68648664587448,78.7978975011541,0.0,0.0,0.0,1.0,0.0,0.0,0.0,24.0,0.0,2.068158365767065,3.0215951127773044,2.490059445915157,0.05993141323205009,True
2015-03,Gu5PQzqP3oc,196.6005670589529,152.47111558865856,38.54622575363547,262.94281591600645,185.41790555695948,298.2172479687293,18.47077937502701,18.45738051246468,72.51679689376982,68.78955729450124,71.10974699759913,73.28450372038867,0.0,0.0,0.0,0.0,1.0,0.0,0.0,24.0,0.0,8.145351890536245,7.731773773579955,7.232111631680232,-0.13228249570787742,True
2015-04,BzhJzdAGARk,118.36930819246427,128.41965384352258,132.14743398930244,151.60133062480347,156.81182624165314,212.71275668057547,16.195056725969742,16.18163553130416,71.69273163489375,73.13503323409634,71.72179176202971,72.60709715910225,1.0,0.0,0.0,0.0,0.0,0.0,0.0,24.0,0.0,6.558271505022051,6.6958527741484515,6.260150011334243,0.03153858093122075,True
2015-04,CSiOPKW1OQP,79.33929567669746,63.95198808169752,54.02167754297557,65.46519922771161,40.22637727357221,107.59449337275716,20.63968502167038,20.83699038405191,62.66383593940407,63.66193051378542,60.69344328961316,64.9547130161787,0.0,1.0,0.0,0.0,0.0,0.0,0.7071067811865475,2.0,4.6429,3.388467518023072,3.9910494282523574,4.425388809648567,-0.1979134917951555,True
2015-04,EritxSJ4SVG,79.16710099830392,83.06142772642815,53.96164723180164,79.14011995500466,47.67897336591338,104.53714740874665,21.903674663069744,21.773044436693148,62.938394870312905,66.73403008136256,61.86206814895356,65.86322337737592,0.0,0.0,1.0,0.0,0.0,0.0,0.0,24.0,0.0,7.33456845954462,7.646112700804269,7.655439679180006,0.20333376102567158,True
2015-04,Fczy0xwaJSy,107.81844754432694,277.7729591709709,187.48127472979849,130.1849492134316,268.76985969576424,423.71294583403596,13.239208381804874,13.301686664451296,77.22130909229244,79.77885089243709,73.85227847179554,75.68648664587448,0.0,0.0,0.0,1.0,0.0,0.0,0.0,24.0,0.0,2.1019733589671716,2.068158365767065,3.0215951127773044,0.23046233871852984,True
2015-04,Gu5PQzqP3oc,315.61633083115544,196.6005670589529,152.47111558865856,38.54622575363547,262.94281591600645,185.41790555695948,18.409953498733042,18.47077937502701,72.92051279482943,72.51679689376982,68.78955729450124,71.10974699759913,0.0,0.0,0.0,0.0,1.0,0.0,0.0,24.0,0.0,7.98410272066321,8.145351890536245,7.731773773579955,-0.16983473993540787,True
2015-05,BzhJzdAGARk,211.59127134440183,118.36930819246427,128.41965384352258,132.14743398930244,151.60133062480347,156.81182624165314,15.826675387624798,16.195056725969742,75.14975576133726,71.69273163489375,73.13503323409634,71.72179176202971,1.0,0.0,0.0,0.0,0.0,0.0,0.0,24.0,0.0,6.589810085953272,6.558271505022051,6.6958527741484515,-0.21336027180464612,True
2015-05,CSiOPKW1OQP,81.1049855778816,79.33929567669746,63.95198808169752,54.02167754297557,65.46519922771161,40.22637727357221,19.9392991472433,20.63968502167038,69.7005278444629,62.66383593940407,63.66193051378542,60.69344328961316,0.0,1.0,0.0,0.0,0.0,0.0,0.5946035575013604,3.0,4.6429,3.1905540262279164,3.388467518023072,3.9910494282523574,0.5492503707319694,True
2015-05,EritxSJ4SVG,97.08973909694097,79.16710099830392,83.06142772642815,53.96164723180164,79.14011995500466,47.67897336591338,21.36712426624935,21.903674663069744,70.11953082555746,62.938394870312905,66.73403008136256,61.86206814895356,0.0,0.0,1.0,0.0,0.0,0.0,0.0,24.0,0.0,7.614609917098598,7.33456845954462,7.646112700804269,-0.17246449000915653,True
2015-05,Fczy0xwaJSy,543.3257003553225,107.81844754432694,277.7729591709709,187.48127472979849,130.1849492134316,268.76985969576424,13.070685458114827,13.239208381804874,81.22062112235267,77.22130909229244,79.77885089243709,73.85227847179554,0.0,0.0,0.0,1.0,0.0,0.0,0.0,24.0,0.0,2.6165778618601077,2.1019733589671716,2.068158365767065,0.5703451425210377,True
2015-05,Gu5PQzqP3oc,280.5942679109427,315.61633083115544,196.6005670589529,152.47111558865856,38.54622575363547,262.94281591600645,18.153871924589264,18.409953498733042,75.33945895081173,72.92051279482943,72.51679689376982,68.78955729450124,0.0,0.0,0.0,0.0,1.0,0.0,0.0,24.0,0.0,7.60042353130867,7.98410272066321,8.145351890536245,0.09362469798903827,True
2015-06,BzhJzdAGARk,170.0336861156556,211.59127134440183,118.36930819246427,128.41965384352258,132.14743398930244,151.60133062480347,16.214029401153333,15.826675387624798,76.17620052043354,75.14975576133726,71.69273163489375,73.13503323409634,1.0,0.0,0.0,0.0,0.0,0.0,0.0,24.0,0.0,6.376449814148626,6.589810085953272,6.558271505022051,0.4610374626444971,True
2015-06,CSiOPKW1OQP,65.35476854444516,81.1049855778816,79.33929567669746,63.95198808169752,54.02167754297557,65.46519922771161,20.448855811727444,19.9392991472433,69.60361932571001,69.7005278444629,62.66383593940407,63.66193051378542,0.0,1.0,0.0,0.0,0.0,0.0,0.4999999999999999,4.0,4.6429,3.7398043969598858,3.1905540262279164,3.388467518023072,1.3659118690659238,True
2015-06,EritxSJ4SVG,76.00828952554279,97.08973909694097,79.16710099830392,83.06142772642815,53.96164723180164,79.14011995500466,21.756817693230232,21.36712426624935,70.53246144142024,70.11953082555746,62.938394870312905,66.73403008136256,0.0,0.0,1.0,0.0,0.0,0.0,0.0,24.0,0.0,7.463618029678148,7.614609917098598,7.33456845954462,0.32103727564928874,True
2015-06,Fczy0xwaJSy,361.75947794594686,543.3257003553225,107.81844754432694,277.7729591709709,187.48127472979849,130.1849492134316,13.519366825516329,13.070685458114827,80.84620531986344,81.22062112235267,77.22130909229244,79.77885089243709,0.0,0.0,0.0,1.0,0.0,0.0,0.0,24.0,0.0,3.0212993856904675,2.6165778618601077,2.1019733589671716,-0.6706205345810052,True
2015-06,Gu5PQzqP3oc,178.49385336203886,280.5942679109427,315.61633083115544,196.6005670589529,152.47111558865856,38.54622575363547,18.34144304467412,18.153871924589264,76.4112226722653,75.33945895081173,72.92051279482943,72.51679689376982,0.0,0.0,0.0,0.0,1.0,0.0,0.0,24.0,0.0,7.4893400489801145,7.60042353130867,7.98410272066321,-0.19477452029004905,True
2015-07,BzhJzdAGARk,222.3411708864089,170.0336861156556,211.59127134440183,118.36930819246427,128.41965384352258,132.14743398930244,16.121093746509853,16.214029401153333,79.03153201161253,76.17620052043354,75.14975576133726,71.69273163489375,1.0,0.0,0.0,0.0,0.0,0.0,0.0,24.0,0.0,6.837487276793123,6.376449814148626,6.589810085953272,-0.1276230464822179,True
2015-07,CSiOPKW1OQP,96.2134205119672,65.35476854444516,81.1049855778816,79.33929567669746,63.95198808169752,54.02167754297557,20.231213343912003,20.448855811727444,73.86889555903232,69.60361932571001,69.7005278444629,62.66383593940407,0.0,1.0,0.0,0.0,0.0,0.0,0.42044820762685714,5.0,4.6429,5.1057162660258095,3.7398043969598858,3.1905540262279164,0.8557797311749216,True
2015-07,EritxSJ4SVG,92.25402210303133,76.00828952554279,97.08973909694097,79.16710099830392,83.06142772642815,53.96164723180164,21.766713199291445,21.756817693230232,74.02618124372512,70.53246144142024,70.11953082555746,62.938394870312905,0.0,0.0,1.0,0.0,0.0,0.0,0.0,24.0,0.0,7.783621395268289,7.463618029678148,7.614609917098598,0.0656062611548176,True
2015-07,Fczy0xwaJSy,569.0944664503455,361.75947794594686,543.3257003553225,107.81844754432694,277.7729591709709,187.48127472979849,13.501365874456129,13.519366825516329,84.21013091790937,80.84620531986344,81.22062112235267,77.22130909229244,0.0,0.0,0.0,1.0,0.0,0.0,0.0,24.0,0.0,1.9177037102783259,3.0212993856904675,2.6165778618601077,0.46686244686108447,True
2015-07,Gu5PQzqP3oc,269.15033043521277,178.49385336203886,280.5942679109427,315.61633083115544,196.6005670589529,152.47111558865856,18.343184489131644,18.34144304467412,78.04154378168415,76.4112226722653,75.33945895081173,72.92051279482943,0.0,0.0,0.0,0.0,1.0,0.0,0.0,24.0,0.0,7.285532206018301,7.4893400489801145,7.60042353130867,-0.003222358208632592,True
2015-08,BzhJzdAGARk,176.35998314626153,222.3411708864089,170.0336861156556,211.59127134440183,118.36930819246427,128.41965384352258,16.45992882252879,16.121093746509853,73.83736478603994,79.03153201161253,76.17620052043354,75.14975576133726,1.0,0.0,0.0,0.0,0.0,0.0,0.0,24.0,0.0,6.709864230310905,6.837487276793123,6.376449814148626,-0.33265145199987334,True
2015-08,CSiOPKW1OQP,77.38579548891566,96.2134205119672,65.35476854444516,81.1049855778816,79.33929567669746,63.95198808169752,20.42253130193423,20.231213343912003,69.21132767253675,73.86889555903232,69.60361932571001,69.7005278444629,0.0,1.0,0.0,0.0,0.0,0.0,0.3535533905932736,6.0,4.6429,5.961495997200731,5.1057162660258095,3.7398043969598858,-0.04386003486272827,True
2015-08,EritxSJ4SVG,80.76063012194949,92.25402210303133,76.00828952554279,97.08973909694097,79.16710099830392,83.06142772642815,22.138988809022777,21.766713199291445,68.64315460392324,74.02618124372512,70.53246144142024,70.11953082555746,0.0,0.0,1.0,0.0,0.0,0.0,0.0,24.0,0.0,7.82036129312292,7.783621395268289,7.463618029678148,-0.47021566038552276,True
2015-08,Fczy0xwaJSy,302.12829901819475,569.0944664503455,361.75947794594686,543.3257003553225,107.81844754432694,277.7729591709709,13.50034600981529,13.501365874456129,79.84990422497353,84.21013091790937,80.84620531986344,81.22062112235267,0.0,0.0,0.0,1.0,0.0,0.0,0.0,24.0,0.0,2.494258679945201,1.9177037102783259,3.0212993856904675,0.3173277300036328,True
2015-08,Gu5PQzqP3oc,224.87465526124618,269.15033043521277,178.49385336203886,280.5942679109427,315.61633083115544,196.6005670589529,18.815626761525696,18.343184489131644,74.3745693906695,78.04154378168415,76.4112226722653,75.33945895081173,0.0,0.0,0.0,0.0,1.0,0.0,0.0,24.0,0.0,7.415610570166328,7.285532206018301,7.4893400489801145,0.32164851021058904,True
2015-09,BzhJzdAGARk,132.00751957106675,176.35998314626153,222.3411708864089,170.0336861156556,211.59127134440183,118.36930819246427,16.802589541167354,16.45992882252879,67.48785103374547,73.83736478603994,79.03153201161253,76.17620052043354,1.0,0.0,0.0,0.0,0.0,0.0,0.0,24.0,0.0,6.377212778311032,6.709864230310905,6.837487276793123,0.8262620194913808,True
2015-09,CSiOPKW1OQP,41.38703299519849,77.38579548891566,96.2134205119672,65.35476854444516,81.1049855778816,79.33929567669746,21.36500751446779,20.42253130193423,58.90532583931258,69.21132767253675,73.86889555903232,69.60361932571001,0.0,1.0,0.0,0.0,0.0,1.0,1.0,0.0,5.6429,5.917635962338003,5.961495997200731,5.1057162660258095,0.6165011380163943,True
2015-09,EritxSJ4SVG,60.02892378742647,80.76063012194949,92.25402210303133,76.00828952554279,97.08973909694097,79.16710099830392,22.538556157629987,22.138988809022777,61.09931340090189,68.64315460392324,74.02618124372512,70.53246144142024,0.0,0.0,1.0,0.0,0.0,0.0,0.0,24.0,0.0,7.291001976702531,7.82036129312292,7.783621395268289,-0.5680881961499544,True
2015-09,Fczy0xwaJSy,179.3842346418569,302.12829901819475,569.0944664503455,361.75947794594686,543.3257003553225,107.81844754432694,13.789887677091997,13.50034600981529,73.27582643250389,79.84990422497353,84.21013091790937,80.84620531986344,0.0,0.0,0.0,1.0,0.0,0.0,0.0,24.0,0.0,3.016664542851851,2.494258679945201,1.9177037102783259,0.21452556908455067,True
2015-09,Gu5PQzqP3oc,168.14217138495465,224.87465526124618,269.15033043521277,178.49385336203886,280.5942679109427,315.61633083115544,19.146228349626565,18.815626761525696,68.3680800529944,74.3745693906695,78.04154378168415,76.4112226722653,0.0,0.0,0.0,0.0,1.0,0.0,0.0,24.0,0.0,7.934374625513582,7.415610570166328,7.285532206018301,0.3170625204925912,True
2015-10,BzhJzdAGARk,147.4610964889803,132.00751957106675,176.35998314626153,222.3411708864089,170.0336861156556,211.59127134440183,16.830015900453713,16.802589541167354,71.27480756762377,67.48785103374547,73.83736478603994,79.03153201161253,1.0,0.0,0.0,0.0,0.0,0.0,0.0,24.0,0.0,7.2034747978024125,6.377212778311032,6.709864230310905,0.36605408267643913,True
2015-10,CSiOPKW1OQP,42.72453324092464,41.38703299519849,77.38579548891566,96.2134205119672,65.35476854444516,81.1049855778816,20.97714031322496,21.36500751446779,65.00627002229692,58.90532583931258,69.21132767253675,73.86889555903232,0.0,1.0,0.0,0.0,0.0,0.0,0.8408964152537145,1.0,5.6429,6.534137100354397,5.917635962338003,5.961495997200731,1.0970995208753154,True
2015-10,EritxSJ4SVG,73.69390945800089,60.02892378742647,80.76063012194949,92.25402210303133,76.00828952554279,97.08973909694097,22.40018039639612,22.538556157629987,65.40940980915016,61.09931340090189,68.64315460392324,74.02618124372512,0.0,0.0,1.0,0.0,0.0,0.0,0.0,24.0,0.0,6.793139681141854,7.291001976702531,7.82036129312292,0.1616607618772692,True
2015-10,Fczy0xwaJSy,273.6179220663151,179.3842346418569,302.12829901819475,569.0944664503455,361.75947794594686,543.3257003553225,13.86593721483028,13.789887677091997,77.03624795923534,73.27582643250389,79.84990422497353,84.21013091790937,0.0,0.0,0.0,1.0,0.0,0.0,0.0,24.0,0.0,2.8305140075779662,3.016664542851851,2.494258679945201,-0.3732027776920708,True
2015-10,Gu5PQzqP3oc,180.35345368519273,168.14217138495465,224.87465526124618,269.15033043521277,178.49385336203886,280.5942679109427,19.197598805558638,19.146228349626565,71.9294038404817,68.3680800529944,74.3745693906695,78.04154378168415,0.0,0.0,0.0,0.0,1.0,0.0,0.0,24.0,0.0,8.384888968214483,7.934374625513582,7.415610570166328,0.2285577871734059,True
2015-11,BzhJzdAGARk,216.3852215913656,147.4610964889803,132.00751957106675,176.35998314626153,222.3411708864089,170.0336861156556,16.38890834496339,16.830015900453713,76.57645878108221,71.27480756762377,67.48785103374547,73.83736478603994,1.0,0.0,0.0,0.0,0.0,0.0,0.0,24.0,0.0,7.569528880478852,7.2034747978024125,6.377212778311032,-0.12237719152771742,True
2015-11,CSiOPKW1OQP,120.1783456873551,42.72453324092464,41.38703299519849,77.38579548891566,96.2134205119672,65.35476854444516,20.47465299571712,20.97714031322496,70.43985029831163,65.00627002229692,58.90532583931258,69.21132767253675,0.0,1.0,0.0,0.0,0.0,0.0,0.7071067811865475,2.0,5.6429,7.6312366212297125,6.534137100354397,5.917635962338003,0.802660179199373,True
2015-11,EritxSJ4SVG,147.29411223446368,73.69390945800089,60.02892378742647,80.76063012194949,92.25402210303133,76.00828952554279,21.761069902912723,22.40018039639612,71.6156239337288,65.40940980915016,61.09931340090189,68.64315460392324,0.0,0.0,1.0,0.0,0.0,0.0,0.0,24.0,0.0,7.121760253994121,6.793139681141854,7.291001976702531,0.9222341788296999,True
2015-11,Fczy0xwaJSy,373.74825323093347,273.6179220663151,179.3842346418569,302.12829901819475,569.0944664503455,361.75947794594686,13.627509201169342,13.86593721483028,81.83528023121008,77.03624795923534,73.27582643250389,79.84990422497353,0.0,0.0,0.0,1.0,0.0,0.0,0.0,24.0,0.0,2.196008124283135,2.8305140075779662,3.016664542851851,0.442972630081818,True
2015-11,Gu5PQzqP3oc,523.1858754311736,180.35345368519273,168.14217138495465,224.87465526124618,269.15033043521277,178.49385336203886,18.686303449122114,19.197598805558638,76.83412915261601,71.9294038404817,68.3680800529944,74.3745693906695,0.0,0.0,0.0,0.0,1.0,0.0,0.0,24.0,0.0,8.555916122555002,8.384888968214483,7.934374625513582,-0.004045914485013569,True
2015-12,BzhJzdAGARk,207.79718458277222,216.3852215913656,147.4610964889803,132.00751957106675,176.35998314626153,222.3411708864089,16.01439276214859,16.38890834496339,77.20282426302586,76.57645878108221,71.27480756762377,67.48785103374547,1.0,0.0,0.0,0.0,0.0,0.0,0.0,24.0,0.0,7.447151688951134,7.569528880478852,7.2034747978024125,0.11700667311929092,True
2015-12,CSiOPKW1OQP,132.6882723723704,120.1783456873551,42.72453324092464,41.38703299519849,77.38579548891566,96.2134205119672,20.058927485887924,20.47465299571712,71.75310402192892,70.43985029831163,65.00627002229692,58.90532583931258,0.0,1.0,0.0,0.0,0.0,0.0,0.5946035575013604,3.0,5.6429,8.433896800429086,7.6312366212297125,6.534137100354397,0.0052884094861749276,True
2015-12,EritxSJ4SVG,125.47526519650032,147.29411223446368,73.69390945800089,60.02892378742647,80.76063012194949,92.25402210303133,21.359142804942376,21.761069902912723,72.76733637148286,71.6156239337288,65.40940980915016,61.09931340090189,0.0,0.0,1.0,0.0,0.0,0.0,0.0,24.0,0.0,8.101377961193801,7.121760253994121,6.793139681141854,0.20443183808658638,True
2015-12,Fczy0xwaJSy,417.30607248082725,373.74825323093347,273.6179220663151,179.3842346418569,302.12829901819475,569.0944664503455,13.43763202519695,13.627509201169342,82.19491230757659,81.83528023121008,77.03624795923534,73.27582643250389,0.0,0.0,0.0,1.0,0.0,0.0,0.0,24.0,0.0,2.834422178166281,2.196008124283135,2.8305140075779662,0.424922520033328,True
2015-12,Gu5PQzqP3oc,393.8294621876726,523.1858754311736,180.35345368519273,168.14217138495465,224.87465526124618,269.15033043521277,18.321526015068834,18.686303449122114,76.77233812288901,76.83412915261601,71.9294038404817,68.3680800529944,0.0,0.0,0.0,0.0,1.0,0.0,0.0,24.0,0.0,8.326402124271358,8.555916122555002,8.384888968214483,0.1773068104661899,True
2016-01,BzhJzdAGARk,232.62761333546496,207.79718458277222,216.3852215913656,147.4610964889803,132.00751957106675,176.35998314626153,16.076169536309347,16.01439276214859,77.01906623301856,77.20282426302586,76.57645878108221,71.27480756762377,1.0,0.0,0.0,0.0,0.0,0.0,0.0,24.0,0.0,7.564158362070425,7.447151688951134,7.569528880478852,-0.3686788465372235,True
2016-01,CSiOPKW1OQP,82.24993350252362,132.6882723723704,120.1783456873551,42.72453324092464,41.38703299519849,77.38579548891566,20.193025763907873,20.058927485887924,72.55351326341184,71.75310402192892,70.43985029831163,65.00627002229692,0.0,1.0,0.0,0.0,0.0,0.0,0.4999999999999999,4.0,5.6429,8.43918520991526,8.433896800429086,7.6312366212297125,-1.079478696557394,True
2016-01,EritxSJ4SVG,68.56765765937834,125.47526519650032,147.29411223446368,73.69390945800089,60.02892378742647,80.76063012194949,21.695732754423645,21.359142804942376,71.08355377488252,72.76733637148286,71.6156239337288,65.40940980915016,0.0,0.0,1.0,0.0,0.0,0.0,0.0,24.0,0.0,8.124686610863478,8.101377961193801,7.121760253994121,-0.6849312376168291,True
2016-01,Fczy0xwaJSy,882.2575397848325,417.30607248082725,373.74825323093347,273.6179220663151,179.3842346418569,302.12829901819475,13.588938394075063,13.43763202519695,83.69844756186968,82.19491230757659,81.83528023121008,77.03624795923534,0.0,0.0,0.0,1.0,0.0,0.0,0.0,24.0,0.0,3.2830423799226223,2.834422178166281,2.196008124283135,0.1986213290822958,True
2016-01,Gu5PQzqP3oc,347.8618067869294,393.8294621876726,523.1858754311736,180.35345368519273,168.14217138495465,224.87465526124618,18.453963190901053,18.321526015068834,77.03568558601614,76.77233812288901,76.83412915261601,71.9294038404817,0.0,0.0,0.0,0.0,1.0,0.0,0.0,24.0,0.0,8.25188839502567,8.326402124271358,8.555916122555002,-0.659776941070807,True
2016-02,BzhJzdAGARk,175.6418170332936,232.62761333546496,207.79718458277222,216.3852215913656,147.4610964889803,132.00751957106675,16.495814057987285,16.076169536309347,76.9132948213182,77.01906623301856,77.20282426302586,76.57645878108221,1.0,0.0,0.0,0.0,0.0,0.0,0.0,24.0,0.0,7.195479515533202,7.564158362070425,7.447151688951134,-0.21751529939304604,True
2016-02,CSiOPKW1OQP,113.13624777917114,82.24993350252362,132.6882723723704,120.1783456873551,42.72453324092464,41.38703299519849,20.203379586514526,20.193025763907873,76.25930286807025,72.55351326341184,71.75310402192892,70.43985029831163,0.0,1.0,0.0,0.0,0.0,0.0,0.42044820762685714,5.0,5.6429,7.3597065133578665,8.43918520991526,8.433896800429086,0.0415936700214079,True
2016-02,EritxSJ4SVG,82.12846007037865,68.56765765937834,125.47526519650032,147.29411223446368,73.69390945800089,60.02892378742647,21.83210472146968,21.695732754423645,72.96535360392552,71.08355377488252,72.76733637148286,71.6156239337288,0.0,0.0,1.0,0.0,0.0,0.0,0.0,24.0,0.0,7.267137639116248,8.124686610863478,8.101377961193801,-0.19186934335276895,True
2016-02,Fczy0xwaJSy,384.3131990432437,882.2575397848325,417.30607248082725,373.74825323093347,273.6179220663151,179.3842346418569,13.962821861610175,13.588938394075063,82.45118257532185,83.69844756186968,82.19491230757659,81.83528023121008,0.0,0.0,0.0,1.0,0.0,0.0,0.0,24.0,0.0,3.0588005280556616,3.2830423799226223,2.834422178166281,0.5536348237691247,True
2016-02,Gu5PQzqP3oc,218.87577335266906,347.8618067869294,393.8294621876726,523.1858754311736,180.35345368519273,168.14217138495465,18.96704431818999,18.453963190901053,76.28917845429088,77.03568558601614,76.77233812288901,76.83412915261601,0.0,0.0,0.0,0.0,1.0,0.0,0.0,24.0,0.0,7.513191961783211,8.25188839502567,8.326402124271358,-0.01750837728334176,True
2016-03,BzhJzdAGARk,166.63097949782383,175.6418170332936,232.62761333546496,207.79718458277222,216.3852215913656,147.4610964889803,16.881017037912734,16.495814057987285,73.40372453329076,76.9132948213182,77.01906623301856,77.20282426302586,1.0,0.0,0.0,0.0,0.0,0.0,0.0,24.0,0.0,6.977964216140156,7.195479515533202,7.564158362070425,0.21429626813205438,True
2016-03,CSiOPKW1OQP,66.56602052671408,113.13624777917114,82.24993350252362,132.6882723723704,120.1783456873551,42.72453324092464,20.95747627471955,20.203379586514526,67.0594312537746,76.25930286807025,72.55351326341184,71.75310402192892,0.0,1.0,0.0,0.0,0.0,1.0,1.0,0.0,6.6429,7.401300183379274,7.3597065133578665,8.43918520991526,-0.49071755839423403,True
2016-03,EritxSJ4SVG,60.0771173587094,82.12846007037865,68.56765765937834,125.47526519650032,147.29411223446368,73.69390945800089,22.587388607780092,21.83210472146968,66.3636795689841,72.96535360392552,71.08355377488252,72.76733637148286,0.0,0.0,1.0,0.0,0.0,0.0,0.0,24.0,0.0,7.161291841923755,7.267137639116248,8.124686610863478,-0.27384721712824156,True
2016-03,Fczy0xwaJSy,226.16381241620553,384.3131990432437,882.2575397848325,417.30607248082725,373.74825323093347,273.6179220663151,14.202619578253008,13.962821861610175,74.97250710172635,82.45118257532185,83.69844756186968,82.19491230757659,0.0,0.0,0.0,1.0,0.0,0.0,0.0,24.0,0.0,3.435908018992872,3.0588005280556616,3.2830423799226223,-0.23171048849517284,True
2016-03,Gu5PQzqP3oc,183.61632786134714,218.87577335266906,347.8618067869294,393.8294621876726,523.1858754311736,180.35345368519273,19.170033999136734,18.96704431818999,72.85726207299876,76.28917845429088,77.03568558601614,76.77233812288901,0.0,0.0,0.0,0.0,1.0,0.0,0.0,24.0,0.0,7.540038135511947,7.513191961783211,8.25188839502567,0.4981930038000275,True
2016-04,BzhJzdAGARk,142.1417095089463,166.63097949782383,175.6418170332936,232.62761333546496,207.79718458277222,216.3852215913656,17.188252629832085,16.881017037912734,74.00623426687727,73.40372453329076,76.9132948213182,77.01906623301856,1.0,0.0,0.0,0.0,0.0,0.0,0.0,24.0,0.0,7.19226048427221,6.977964216140156,7.195479515533202,0.22681084604471113,True
2016-04,CSiOPKW1OQP,28.281857251926965,66.56602052671408,113.13624777917114,82.24993350252362,132.6882723723704,120.1783456873551,21.52572459016058,20.95747627471955,66.6007957886004,67.0594312537746,76.25930286807025,72.55351326341184,0.0,1.0,0.0,0.0,0.0,1.0,1.0,0.0,7.6429,6.91058262498504,7.401300183379274,7.3597065133578665,0.005930645177045335,True
2016-04,EritxSJ4SVG,33.22874696409431,60.0771173587094,82.12846007037865,68.56765765937834,125.47526519650032,147.29411223446368,22.991368100930497,22.587388607780092,65.8975382696106,66.3636795689841,72.96535360392552,71.08355377488252,0.0,0.0,1.0,0.0,0.0,0.0,0.0,24.0,0.0,7.022460424062157,7.161291841923755,7.267137639116248,-0.017633625439321676,True
2016-04,Fczy0xwaJSy,632.3755782681433,226.16381241620553,384.3131990432437,882.2575397848325,417.30607248082725,373.74825323093347,14.434943486421433,14.202619578253008,80.700693993621,74.97250710172635,82.45118257532185,83.69844756186968,0.0,0.0,0.0,1.0,0.0,0.0,0.0,24.0,0.0,3.039479221591166,3.435908018992872,3.0588005280556616,0.06898038568408449,True
2016-04,Gu5PQzqP3oc,93.1246370802093,183.61632786134714,218.87577335266906,347.8618067869294,393.8294621876726,523.1858754311736,19.50346945200876,19.170033999136734,74.13377267843666,72.85726207299876,76.28917845429088,77.03568558601614,0.0,0.0,0.0,0.0,1.0,0.0,0.0,24.0,0.0,8.284019937158954,7.540038135511947,7.513191961783211,0.45427767328384405,True
2016-05,BzhJzdAGARk,224.47763267467082,142.1417095089463,166.63097949782383,175.6418170332936,232.62761333546496,207.79718458277222,16.611100547626684,17.188252629832085,77.6868253407062,74.00623426687727,73.40372453329076,76.9132948213182,1.0,0.0,0.0,0.0,0.0,0.0,0.0,24.0,0.0,7.419071330316921,7.19226048427221,6.977964216140156,-0.11831917585954432,True
2016-05,CSiOPKW1OQP,134.48591036202356,28.281857251926965,66.56602052671408,113.13624777917114,82.24993350252362,132.6882723723704,20.828449108457335,21.52572459016058,70.99791856575699,66.6007957886004,67.0594312537746,76.25930286807025,0.0,1.0,0.0,0.0,0.0,0.0,0.8408964152537145,1.0,7.6429,6.916513270162086,6.91058262498504,7.401300183379274,0.2928958091916174,True
2016-05,EritxSJ4SVG,89.28592332161705,33.22874696409431,60.0771173587094,82.12846007037865,68.56765765937834,125.47526519650032,22.04818492071473,22.991368100930497,70.25131218611315,65.8975382696106,66.3636795689841,72.96535360392552,0.0,0.0,1.0,0.0,0.0,0.0,0.0,24.0,0.0,7.080109412684821,7.022460424062157,7.161291841923755,0.6526216827193903,True
2016-05,Fczy0xwaJSy,371.50082670995954,632.3755782681433,226.16381241620553,384.3131990432437,882.2575397848325,417.30607248082725,14.162616492452198,14.434943486421433,81.70644658479162,80.700693993621,74.97250710172635,82.45118257532185,0.0,0.0,0.0,1.0,0.0,0.0,0.0,24.0,0.0,2.9726684410946462,3.039479221591166,3.435908018992872,-0.6154197141694548,True
2016-05,Gu5PQzqP3oc,295.9272904231426,93.1246370802093,183.61632786134714,218.87577335266906,347.8618067869294,393.8294621876726,18.935654977221173,19.50346945200876,76.45222911246215,74.13377267843666,72.85726207299876,76.28917845429088,0.0,0.0,0.0,0.0,1.0,0.0,0.0,24.0,0.0,9.019098097689202,8.284019937158954,7.540038135511947,-0.19791119639474886,True
2016-06,BzhJzdAGARk,140.85420596471477,224.47763267467082,142.1417095089463,166.63097949782383,175.6418170332936,232.62761333546496,16.7117885471117,16.611100547626684,70.79125637065133,77.6868253407062,74.00623426687727,73.40372453329076,1.0,0.0,0.0,0.0,0.0,0.0,0.0,24.0,0.0,7.300752154457377,7.419071330316921,7.19226048427221,-0.13359202320272967,True
2016-06,CSiOPKW1OQP,57.65868501614491,134.48591036202356,28.281857251926965,66.56602052671408,113.13624777917114,82.24993350252362,21.24952687084806,20.828449108457335,62.915233159144535,70.99791856575699,66.6007957886004,67.0594312537746,0.0,1.0,0.0,0.0,0.0,0.0,0.7071067811865475,2.0,7.6429,7.209409079353703,6.916513270162086,6.91058262498504,-0.28590019293446733,True
2016-06,EritxSJ4SVG,59.457133955726206,89.28592332161705,33.22874696409431,60.0771173587094,82.12846007037865,68.56765765937834,22.46531904870536,22.04818492071473,62.72524535643485,70.25131218611315,65.8975382696106,66.3636795689841,0.0,0.0,1.0,0.0,0.0,0.0,0.0,24.0,0.0,7.77665750357588,7.080109412684821,7.022460424062157,0.25771407910530364,True
2016-06,Fczy0xwaJSy,362.49573868183893,371.50082670995954,632.3755782681433,226.16381241620553,384.3131990432437,882.2575397848325,13.802079126299327,14.162616492452198,77.83151498453361,81.70644658479162,80.700693993621,74.97250710172635,0.0,0.0,0.0,1.0,0.0,0.0,0.0,24.0,0.0,2.380349014652306,2.9726684410946462,3.039479221591166,0.1388130890545236,True
2016-06,Gu5PQzqP3oc,262.6336000850873,295.9272904231426,93.1246370802093,183.61632786134714,218.87577335266906,347.8618067869294,19.040462719167394,18.935654977221173,71.93486558422971,76.45222911246215,74.13377267843666,72.85726207299876,0.0,0.0,0.0,0.0,1.0,0.0,0.0,24.0,0.0,8.864821840028885,9.019098097689202,8.284019937158954,-0.15239482742792276,True
2016-07,BzhJzdAGARk,157.12986164152977,140.85420596471477,224.47763267467082,142.1417095089463,166.63097949782383,175.6418170332936,16.331462327071637,16.7117885471117,71.31785158648464,70.79125637065133,77.6868253407062,74.00623426687727,1.0,0.0,0.0,0.0,0.0,0.0,0.0,24.0,0.0,7.167160131254647,7.300752154457377,7.419071330316921,-0.18955892244388295,True
2016-07,CSiOPKW1OQP,77.44227217267127,57.65868501614491,134.48591036202356,28.281857251926965,66.56602052671408,113.13624777917114,20.5431127080054,21.24952687084806,65.73445993336446,62.915233159144535,70.99791856575699,66.6007957886004,0.0,1.0,0.0,0.0,0.0,0.0,0.5946035575013604,3.0,7.6429,6.923508886419236,7.209409079353703,6.916513270162086,-0.37874219098486606,True
2016-07,EritxSJ4SVG,73.4173696503174,59.457133955726206,89.28592332161705,33.22874696409431,60.0771173587094,82.12846007037865,21.885926239338445,22.46531904870536,64.3732760121538,62.72524535643485,70.25131218611315,65.8975382696106,0.0,0.0,1.0,0.0,0.0,0.0,0.0,24.0,0.0,7.925930993276029,7.77665750357588,7.080109412684821,-0.35190181273316057,True
2016-07,Fczy0xwaJSy,295.64238425870934,362.49573868183893,371.50082670995954,632.3755782681433,226.16381241620553,384.3131990432437,13.409999913015172,13.802079126299327,77.79643990609806,77.83151498453361,81.70644658479162,80.700693993621,0.0,0.0,0.0,1.0,0.0,0.0,0.0,24.0,0.0,2.6662673901089753,2.380349014652306,2.9726684410946462,-0.059971870909335756,True
2016-07,Gu5PQzqP3oc,200.746181668185,262.6336000850873,295.9272904231426,93.1246370802093,183.61632786134714,218.87577335266906,18.551174841568564,19.040462719167394,71.6314170945403,71.93486558422971,76.45222911246215,74.13377267843666,0.0,0.0,0.0,0.0,1.0,0.0,0.0,24.0,0.0,8.417702934793985,8.864821840028885,9.019098097689202,-0.2736995018281858,True
2016-08,BzhJzdAGARk,173.17474671854745,157.12986164152977,140.85420596471477,224.47763267467082,142.1417095089463,166.63097949782383,16.484134729533285,16.331462327071637,72.89549353026975,71.31785158648464,70.79125637065133,77.6868253407062,1.0,0.0,0.0,0.0,0.0,0.0,0.0,24.0,0.0,6.977601208810764,7.167160131254647,7.300752154457377,0.2516203846558289,True
2016-08,CSiOPKW1OQP,77.42130980011922,77.44227217267127,57.65868501614491,134.48591036202356,28.281857251926965,66.56602052671408,20.65031451045823,20.5431127080054,66.31800027088732,65.73445993336446,62.915233159144535,70.99791856575699,0.0,1.0,0.0,0.0,0.0,0.0,0.4999999999999999,4.0,7.6429,6.54476669543437,6.923508886419236,7.209409079353703,-0.13215380366010887,True
2016-08,EritxSJ4SVG,77.98435172035646,73.4173696503174,59.457133955726206,89.28592332161705,33.22874696409431,60.0771173587094,22.07037218077133,21.885926239338445,65.0010071231184,64.3732760121538,62.72524535643485,70.25131218611315,0.0,0.0,1.0,0.0,0.0,0.0,0.0,24.0,0.0,7.432635154026721,7.925930993276029,7.77665750357588,-0.014045129644261856,True
2016-08,Fczy0xwaJSy,314.1762081047325,295.64238425870934,362.49573868183893,371.50082670995954,632.3755782681433,226.16381241620553,13.726036945353231,13.409999913015172,78.84867059089112,77.79643990609806,77.83151498453361,81.70644658479162,0.0,0.0,0.0,1.0,0.0,0.0,0.0,24.0,0.0,2.712000756642101,2.6662673901089753,2.380349014652306,0.18007199862733048,True
2016-08,Gu5PQzqP3oc,219.11985654916782,200.746181668185,262.6336000850873,295.9272904231426,93.1246370802093,183.61632786134714,18.841439770841006,18.551174841568564,73.01013294992381,71.6314170945403,71.93486558422971,76.45222911246215,0.0,0.0,0.0,0.0,1.0,0.0,0.0,24.0,0.0,7.799009683256965,8.417702934793985,8.864821840028885,0.11164823754515396,True
2016-09,BzhJzdAGARk,136.89318650825533,173.17474671854745,157.12986164152977,140.85420596471477,224.47763267467082,142.1417095089463,16.901053162794696,16.484134729533285,64.55658002071202,72.89549353026975,71.31785158648464,70.79125637065133,1.0,0.0,0.0,0.0,0.0,0.0,0.0,24.0,0.0,7.229221593466593,6.977601208810764,7.167160131254647,0.16511991043450358,True
2016-09,CSiOPKW1OQP,38.493997234391614,77.42130980011922,77.44227217267127,57.65868501614491,134.48591036202356,28.281857251926965,21.348506324940768,20.65031451045823,57.18304420592988,66.31800027088732,65.73445993336446,62.915233159144535,0.0,1.0,0.0,0.0,0.0,1.0,1.0,0.0,8.642900000000001,6.412612891774261,6.54476669543437,6.923508886419236,0.29750614861026925,True
2016-09,EritxSJ4SVG,50.84568359110436,77.98435172035646,73.4173696503174,59.457133955726206,89.28592332161705,33.22874696409431,22.732680314151125,22.07037218077133,57.44964447488793,65.0010071231184,64.3732760121538,62.72524535643485,0.0,0.0,1.0,0.0,0.0,0.0,0.0,24.0,0.0,7.439969365968809,7.432635154026721,7.925930993276029,-0.3028397259268205,True
2016-09,Fczy0xwaJSy,151.01091552570546,314.1762081047325,295.64238425870934,362.49573868183893,371.50082670995954,632.3755782681433,14.089189839609675,13.726036945353231,69.09962933105155,78.84867059089112,77.79643990609806,77.83151498453361,0.0,0.0,0.0,1.0,0.0,0.0,0.0,24.0,0.0,2.7694521817214603,2.712000756642101,2.6662673901089753,0.2753866224373551,True
2016-09,Gu5PQzqP3oc,179.48644429364685,219.11985654916782,200.746181668185,262.6336000850873,295.9272904231426,93.1246370802093,19.144885921813906,18.841439770841006,65.5173422039585,73.01013294992381,71.6314170945403,71.93486558422971,0.0,0.0,0.0,0.0,1.0,0.0,0.0,24.0,0.0,7.7816543125392315,7.799009683256965,8.417702934793985,0.05506798173279748,True
2016-10,BzhJzdAGARk,179.31195850423595,136.89318650825533,173.17474671854745,157.12986164152977,140.85420596471477,224.47763267467082,16.82333951478502,16.901053162794696,67.98629809231817,64.55658002071202,72.89549353026975,71.31785158648464,1.0,0.0,0.0,0.0,0.0,0.0,0.0,24.0,0.0,7.394341503901097,7.229221593466593,6.977601208810764,0.21463584758923826,True
2016-10,CSiOPKW1OQP,63.00510117926558,38.493997234391614,77.42130980011922,77.44227217267127,57.65868501614491,134.48591036202356,21.372149874738046,21.348506324940768,59.57300662053105,57.18304420592988,66.31800027088732,65.73445993336446,0.0,1.0,0.0,0.0,0.0,0.0,0.8408964152537145,1.0,8.642900000000001,6.71011904038453,6.412612891774261,6.54476669543437,-0.2993764898262974,True
2016-10,EritxSJ4SVG,68.92948656874208,50.84568359110436,77.98435172035646,73.4173696503174,59.457133955726206,89.28592332161705,22.779607083023716,22.732680314151125,58.90544480302234,57.44964447488793,65.0010071231184,64.3732760121538,0.0,0.0,1.0,0.0,0.0,0.0,0.0,24.0,0.0,7.192110179319457,7.439969365968809,7.432635154026721,0.7755676750738623,True
2016-10,Fczy0xwaJSy,280.04124499867766,151.01091552570546,314.1762081047325,295.64238425870934,362.49573868183893,371.50082670995954,14.062709814406476,14.089189839609675,72.8229511477472,69.09962933105155,78.84867059089112,77.79643990609806,0.0,0.0,0.0,1.0,0.0,0.0,0.0,24.0,0.0,2.9984496212169036,2.7694521817214603,2.712000756642101,-0.45549376413767195,True
2016-10,Gu5PQzqP3oc,223.04410076232278,179.48644429364685,219.11985654916782,200.746181668185,262.6336000850873,295.9272904231426,18.987046166362454,19.144885921813906,69.57024010964471,65.5173422039585,73.01013294992381,71.6314170945403,0.0,0.0,0.0,0.0,1.0,0.0,0.0,24.0,0.0,8.048062627384857,7.7816543125392315,7.799009683256965,-0.1070776732686074,True
2016-11,BzhJzdAGARk,128.02424081947743,179.31195850423595,136.89318650825533,173.17474671854745,157.12986164152977,140.85420596471477,16.793571093956754,16.82333951478502,69.91183265999389,67.98629809231817,64.55658002071202,72.89549353026975,1.0,0.0,0.0,0.0,0.0,0.0,0.0,24.0,0.0,7.608977351490335,7.394341503901097,7.229221593466593,0.03545744290494657,True
2016-11,CSiOPKW1OQP,69.28636965581987,63.00510117926558,38.493997234391614,77.42130980011922,77.44227217267127,57.65868501614491,20.87802190143545,21.372149874738046,64.11634681185636,59.57300662053105,57.18304420592988,66.31800027088732,0.0,1.0,0.0,0.0,0.0,0.0,0.7071067811865475,2.0,8.642900000000001,6.410742550558233,6.71011904038453,6.412612891774261,-1.2460774941966255,True
2016-11,EritxSJ4SVG,43.51822824896748,68.92948656874208,50.84568359110436,77.98435172035646,73.4173696503174,59.457133955726206,22.352978752722407,22.779607083023716,64.23918143537253,58.90544480302234,57.44964447488793,65.0010071231184,0.0,0.0,1.0,0.0,0.0,0.0,0.0,24.0,0.0,8.021319987597906,7.192110179319457,7.439969365968809,0.1669123400227832,True
2016-11,Fczy0xwaJSy,225.63452313589943,280.04124499867766,151.01091552570546,314.1762081047325,295.64238425870934,362.49573868183893,13.935560068561408,14.062709814406476,74.57480959718458,72.8229511477472,69.09962933105155,78.84867059089112,0.0,0.0,0.0,1.0,0.0,0.0,0.0,24.0,0.0,2.3841827743522286,2.9984496212169036,2.7694521817214603,0.027567203389054384,True
2016-11,Gu5PQzqP3oc,99.8491319449019,223.04410076232278,179.48644429364685,219.11985654916782,200.746181668185,262.6336000850873,19.296427945325238,18.987046166362454,70.00182912709279,69.57024010964471,65.5173422039585,73.01013294992381,0.0,0.0,0.0,0.0,1.0,0.0,0.0,24.0,0.0,8.27434130547722,8.048062627384857,7.7816543125392315,0.2253582280911708,True
2016-12,BzhJzdAGARk,149.5154783753299,128.02424081947743,179.31195850423595,136.89318650825533,173.17474671854745,157.12986164152977,16.296043716160504,16.793571093956754,73.53263351067595,69.91183265999389,67.98629809231817,64.55658002071202,1.0,0.0,0.0,0.0,0.0,0.0,0.0,24.0,0.0,7.6444347943952815,7.608977351490335,7.394341503901097,-0.1339282952127796,True
2016-12,CSiOPKW1OQP,88.25624187196529,69.28636965581987,63.00510117926558,38.493997234391614,77.42130980011922,77.44227217267127,20.434853349966836,20.87802190143545,68.13201180854728,64.11634681185636,59.57300662053105,57.18304420592988,0.0,1.0,0.0,0.0,0.0,0.0,0.5946035575013604,3.0,8.642900000000001,5.164665056361607,6.410742550558233,6.71011904038453,0.31418432183755574,True
2016-12,EritxSJ4SVG,101.70375353547712,43.51822824896748,68.92948656874208,50.84568359110436,77.98435172035646,73.4173696503174,21.73879040787376,22.352978752722407,68.64077354218463,64.23918143537253,58.90544480302234,57.44964447488793,0.0,0.0,1.0,0.0,0.0,0.0,0.0,24.0,0.0,8.10148910427456,8.021319987597906,7.192110179319457,-0.2702886573279928,True
2016-12,Fczy0xwaJSy,303.76283000579986,225.63452313589943,280.04124499867766,151.01091552570546,314.1762081047325,295.64238425870934,13.621604766987703,13.935560068561408,79.22314093068475,74.57480959718458,72.8229511477472,69.09962933105155,0.0,0.0,0.0,1.0,0.0,0.0,0.0,24.0,0.0,2.469597179378615,2.3841827743522286,2.9984496212169036,-0.26474428345828827,True
2016-12,Gu5PQzqP3oc,123.37364619446771,99.8491319449019,223.04410076232278,179.48644429364685,219.11985654916782,200.746181668185,18.707401079325066,19.296427945325238,72.49820016203827,70.00182912709279,69.57024010964471,65.5173422039585,0.0,0.0,0.0,0.0,1.0,0.0,0.0,24.0,0.0,8.678588020621532,8.27434130547722,8.048062627384857,-0.3799823486812226,True
2017-01,BzhJzdAGARk,29.747726560621743,149.5154783753299,128.02424081947743,179.31195850423595,136.89318650825533,173.17474671854745,16.3737412536376,16.296043716160504,71.03814818018904,73.53263351067595,69.91183265999389,67.98629809231817,1.0,0.0,0.0,0.0,0.0,0.0,0.0,24.0,0.0,7.510506499182502,7.6444347943952815,7.608977351490335,-0.08563096912808721,True
2017-01,CSiOPKW1OQP,37.08876952591103,88.25624187196529,69.28636965581987,63.00510117926558,38.493997234391614,77.42130980011922,20.591672239205096,20.434853349966836,64.15795303889986,68.13201180854728,64.11634681185636,59.57300662053105,0.0,1.0,0.0,0.0,0.0,0.0,0.4999999999999999,4.0,8.642900000000001,5.478849378199163,5.164665056361607,6.410742550558233,0.19308059213929418,True
2017-01,EritxSJ4SVG,54.7669942300011,101.70375353547712,43.51822824896748,68.92948656874208,50.84568359110436,77.98435172035646,22.088805150478176,21.73879040787376,65.51582589069157,68.64077354218463,64.23918143537253,58.90544480302234,0.0,0.0,1.0,0.0,0.0,0.0,0.0,24.0,0.0,7.686887127892613,8.10148910427456,8.021319987597906,0.4655722604661845,True
2017-01,Fczy0xwaJSy,98.79167268633708,303.76283000579986,225.63452313589943,280.04124499867766,151.01091552570546,314.1762081047325,13.48325770115451,13.621604766987703,76.01897116044444,79.22314093068475,74.57480959718458,72.8229511477472,0.0,0.0,0.0,1.0,0.0,0.0,0.0,24.0,0.0,2.3762861428813795,2.469597179378615,2.3841827743522286,-0.30217548463744404,True
2017-01,Gu5PQzqP3oc,56.621630294321164,123.37364619446771,99.8491319449019,223.04410076232278,179.48644429364685,219.11985654916782,18.85079736778466,18.707401079325066,71.87711415549552,72.49820016203827,70.00182912709279,69.57024010964471,0.0,0.0,0.0,0.0,1.0,0.0,0.0,24.0,0.0,8.252699710752186,8.678588020621532,8.27434130547722,-0.4665876523625645,True
2017-02,BzhJzdAGARk,91.48391043755794,29.747726560621743,149.5154783753299,128.02424081947743,179.31195850423595,136.89318650825533,16.62099869334434,16.3737412536376,69.78446736008938,71.03814818018904,73.53263351067595,69.91183265999389,1.0,0.0,0.0,0.0,0.0,0.0,0.0,24.0,0.0,7.424875530054415,7.510506499182502,7.6444347943952815,-0.26315225899241135,True
2017-02,CSiOPKW1OQP,66.42350108618353,37.08876952591103,88.25624187196529,69.28636965581987,63.00510117926558,38.493997234391614,21.202792658120508,20.591672239205096,59.191562783776874,64.15795303889986,68.13201180854728,64.11634681185636,0.0,1.0,0.0,0.0,0.0,0.0,0.42044820762685714,5.0,8.642900000000001,5.671929970338457,5.478849378199163,5.164665056361607,-0.6595635379682392,True
2017-02,EritxSJ4SVG,74.4221279553159,54.7669942300011,101.70375353547712,43.51822824896748,68.92948656874208,50.84568359110436,22.351210034592672,22.088805150478176,60.78152334065912,65.51582589069157,68.64077354218463,64.23918143537253,0.0,0.0,1.0,0.0,0.0,0.0,0.0,24.0,0.0,8.173518107350553,7.686887127892613,8.10148910427456,0.001063310291097963,True
2017-02,Fczy0xwaJSy,282.0240745724843,98.79167268633708,303.76283000579986,225.63452313589943,280.04124499867766,151.01091552570546,13.78148749053146,13.48325770115451,73.48252626939622,76.01897116044444,79.22314093068475,74.57480959718458,0.0,0.0,0.0,1.0,0.0,0.0,0.0,24.0,0.0,2.061614658418552,2.3762861428813795,2.469597179378615,0.16741871948261666,True
2017-02,Gu5PQzqP3oc,180.10208950041434,56.621630294321164,123.37364619446771,99.8491319449019,223.04410076232278,179.48644429364685,18.786524664895417,18.85079736778466,70.50568905317816,71.87711415549552,72.49820016203827,70.00182912709279,0.0,0.0,0.0,0.0,1.0,0.0,0.0,24.0,0.0,7.50868548105878,8.252699710752186,8.678588020621532,0.13703872413404206,True
2017-03,BzhJzdAGARk,231.14034079100807,91.48391043755794,29.747726560621743,149.5154783753299,128.02424081947743,179.31195850423595,15.58219693391472,16.62099869334434,77.50412655953212,69.78446736008938,71.03814818018904,73.53263351067595,1.0,0.0,0.0,0.0,0.0,0.0,0.0,24.0,0.0,7.161723271062003,7.424875530054415,7.510506499182502,-0.23958727344614594,True
2017-03,CSiOPKW1OQP,106.07607464420683,66.42350108618353,37.08876952591103,88.25624187196529,69.28636965581987,63.00510117926558,19.40477790089093,21.202792658120508,74.80037192442619,59.191562783776874,64.15795303889986,68.13201180854728,0.0,1.0,0.0,0.0,0.0,0.0,0.3535533905932736,6.0,8.642900000000001,5.012366432370218,5.671929970338457,5.478849378199163,0.7149529786543756,True
2017-03,EritxSJ4SVG,103.02700157097817,74.4221279553159,54.7669942300011,101.70375353547712,43.51822824896748,68.92948656874208,21.31638852567677,22.351210034592672,70.49780868099265,60.78152334065912,65.51582589069157,68.64077354218463,0.0,0.0,1.0,0.0,0.0,0.0,0.0,24.0,0.0,8.135734639753355,8.173518107350553,7.686887127892613,-0.7051595981687218,True
2017-03,Fczy0xwaJSy,462.5326866827513,282.0240745724843,98.79167268633708,303.76283000579986,225.63452313589943,280.04124499867766,12.906776485601444,13.78148749053146,84.74369459610416,73.48252626939622,76.01897116044444,79.22314093068475,0.0,0.0,0.0,1.0,0.0,0.0,0.0,24.0,0.0,2.387156623196532,2.061614658418552,2.3762861428813795,-0.2082498968229114,True
2017-03,Gu5PQzqP3oc,303.52621458323125,180.10208950041434,56.621630294321164,123.37364619446771,99.8491319449019,223.04410076232278,17.97177919742279,18.786524664895417,77.51026301755616,70.50568905317816,71.87711415549552,72.49820016203827,0.0,0.0,0.0,0.0,1.0,0.0,0.0,24.0,0.0,7.410166309655685,7.50868548105878,8.252699710752186,-0.030973950139810746,True
2017-04,BzhJzdAGARk,154.54016111264804,231.14034079100807,91.48391043755794,29.747726560621743,149.5154783753299,128.02424081947743,16.06836544125397,15.58219693391472,74.92201146042532,77.50412655953212,69.78446736008938,71.03814818018904,1.0,0.0,0.0,0.0,0.0,0.0,0.0,24.0,0.0,6.922135997615857,7.161723271062003,7.424875530054415,-0.15624669448828854,True
2017-04,CSiOPKW1OQP,100.39810251963107,106.07607464420683,66.42350108618353,37.08876952591103,88.25624187196529,69.28636965581987,19.792859991365518,19.40477790089093,72.6626437742495,74.80037192442619,59.191562783776874,64.15795303889986,0.0,1.0,0.0,0.0,0.0,0.0,0.29730177875068015,7.0,8.642900000000001,5.7273194110245935,5.012366432370218,5.671929970338457,-0.24888427641598287,True
2017-04,EritxSJ4SVG,94.76762535946581,103.02700157097817,74.4221279553159,54.7669942300011,101.70375353547712,43.51822824896748,21.360822209353703,21.31638852567677,71.707914853976,70.49780868099265,60.78152334065912,65.51582589069157,0.0,0.0,1.0,0.0,0.0,0.0,0.0,24.0,0.0,7.360816488611134,8.135734639753355,8.173518107350553,0.3055975020309747,True
2017-04,Fczy0xwaJSy,180.38714932162318,462.5326866827513,282.0240745724843,98.79167268633708,303.76283000579986,225.63452313589943,13.321481066829154,12.906776485601444,79.43651772152232,84.74369459610416,73.48252626939622,76.01897116044444,0.0,0.0,0.0,1.0,0.0,0.0,0.0,24.0,0.0,2.219915220842373,2.387156623196532,2.061614658418552,0.2655835430846456,True
2017-04,Gu5PQzqP3oc,134.9403615127381,303.52621458323125,180.10208950041434,56.621630294321164,123.37364619446771,99.8491319449019,18.2864179161338,17.97177919742279,74.93906082915643,77.51026301755616,70.50568905317816,71.87711415549552,0.0,0.0,0.0,0.0,1.0,0.0,0.0,24.0,0.0,7.450800083439276,7.410166309655685,7.50868548105878,-0.19158281211031003,True
2017-05,BzhJzdAGARk,48.79710685789156,154.54016111264804,231.14034079100807,91.48391043755794,29.747726560621743,149.5154783753299,16.184576628207832,16.06836544125397,72.38588092510935,74.92201146042532,77.50412655953212,69.78446736008938,1.0,0.0,0.0,0.0,0.0,0.0,0.0,24.0,0.0,6.765889303127569,6.922135997615857,7.161723271062003,0.43102113118047836,True
2017-05,CSiOPKW1OQP,28.308084313695005,100.39810251963107,106.07607464420683,66.42350108618353,37.08876952591103,88.25624187196529,20.313189145507042,19.792859991365518,66.51215715617118,72.6626437742495,74.80037192442619,59.191562783776874,0.0,1.0,0.0,0.0,0.0,0.0,0.2499999999999999,8.0,8.642900000000001,5.478435134608611,5.7273194110245935,5.012366432370218,-0.9109704719757463,True
2017-05,EritxSJ4SVG,15.549490853527075,94.76762535946581,103.02700157097817,74.4221279553159,54.7669942300011,101.70375353547712,22.116621128544985,21.360822209353703,63.16139990983936,71.707914853976,70.49780868099265,60.78152334065912,0.0,0.0,1.0,0.0,0.0,0.0,0.0,24.0,0.0,7.78627285980212,7.360816488611134,8.135734639753355,0.146852204362256,True
2017-05,Fczy0xwaJSy,103.22353063702991,180.38714932162318,462.5326866827513,282.0240745724843,98.79167268633708,303.76283000579986,13.446453907748264,13.321481066829154,77.31830733249055,79.43651772152232,84.74369459610416,73.48252626939622,0.0,0.0,0.0,1.0,0.0,0.0,0.0,24.0,0.0,2.462464132536763,2.219915220842373,2.387156623196532,0.6923407467002867,True
2017-05,Gu5PQzqP3oc,-62.04971507505641,134.9403615127381,303.52621458323125,180.10208950041434,56.621630294321164,123.37364619446771,18.603650219490056,18.2864179161338,71.62742026430176,74.93906082915643,77.51026301755616,70.50568905317816,0.0,0.0,0.0,0.0,1.0,0.0,0.0,24.0,0.0,7.5140965104243955,7.450800083439276,7.410166309655685,0.38054139469496295,True
2017-06,BzhJzdAGARk,175.1493298764016,48.79710685789156,154.54016111264804,231.14034079100807,91.48391043755794,29.747726560621743,16.108849887681977,16.184576628207832,73.92391770254898,72.38588092510935,74.92201146042532,77.50412655953212,1.0,0.0,0.0,0.0,0.0,0.0,0.0,24.0,0.0,7.196910434308047,6.765889303127569,6.922135997615857,0.09562294761750412,True
2017-06,CSiOPKW1OQP,75.3936213197942,28.308084313695005,100.39810251963107,106.07607464420683,66.42350108618353,37.08876952591103,20.149445956927803,20.313189145507042,68.16736276669747,66.51215715617118,72.6626437742495,74.80037192442619,0.0,1.0,0.0,0.0,0.0,0.0,0.21022410381342854,9.0,8.642900000000001,4.567464662632864,5.478435134608611,5.7273194110245935,-0.2510891100900592,True
2017-06,EritxSJ4SVG,90.18182172280254,15.549490853527075,94.76762535946581,103.02700157097817,74.4221279553159,54.7669942300011,21.684823034460855,22.116621128544985,66.72913363842555,63.16139990983936,71.707914853976,70.49780868099265,0.0,0.0,1.0,0.0,0.0,0.0,0.0,24.0,0.0,7.9864953129492875,7.78627285980212,7.360816488611134,0.44736692197490235,True
2017-06,Fczy0xwaJSy,275.15692709376816,103.22353063702991,180.38714932162318,462.5326866827513,282.0240745724843,98.79167268633708,13.369762511969558,13.446453907748264,78.9891860976404,77.31830733249055,79.43651772152232,84.74369459610416,0.0,0.0,0.0,1.0,0.0,0.0,0.0,24.0,0.0,3.2106950238949574,2.462464132536763,2.219915220842373,-0.23527422607691761,True
2017-06,Gu5PQzqP3oc,126.09178683309503,-62.04971507505641,134.9403615127381,303.52621458323125,180.10208950041434,56.621630294321164,18.541148781838576,18.603650219490056,72.57574709773483,71.62742026430176,74.93906082915643,77.51026301755616,0.0,0.0,0.0,0.0,1.0,0.0,0.0,24.0,0.0,8.115076222354826,7.5140965104243955,7.450800083439276,-0.33128926745084186,True
2017-07,BzhJzdAGARk,155.99362701169034,175.1493298764016,48.79710685789156,154.54016111264804,231.14034079100807,91.48391043755794,16.555116582028848,16.108849887681977,71.60951430508183,73.92391770254898,72.38588092510935,74.92201146042532,1.0,0.0,0.0,0.0,0.0,0.0,0.0,24.0,0.0,7.292533381925551,7.196910434308047,6.765889303127569,-0.010872303985906662,True
2017-07,CSiOPKW1OQP,63.14451870815898,75.3936213197942,28.308084313695005,100.39810251963107,106.07607464420683,66.42350108618353,21.166635442056396,20.149445956927803,62.79938393150361,68.16736276669747,66.51215715617118,72.6626437742495,0.0,1.0,0.0,0.0,0.0,0.0,0.17677669529663678,10.0,8.642900000000001,4.316375552542805,4.567464662632864,5.478435134608611,-0.5487673843067871,True
2017-07,EritxSJ4SVG,69.82315894801958,90.18182172280254,15.549490853527075,94.76762535946581,103.02700157097817,74.4221279553159,22.52612850269813,21.684823034460855,62.80096049207296,66.72913363842555,63.16139990983936,71.707914853976,0.0,0.0,1.0,0.0,0.0,0.0,0.0,24.0,0.0,8.363197965364883,7.9864953129492875,7.78627285980212,0.2283325702468897,True
2017-07,Fczy0xwaJSy,255.8265840176897,275.15692709376816,103.22353063702991,180.38714932162318,462.5326866827513,282.0240745724843,13.732482931105064,13.369762511969558,76.6770991019294,78.9891860976404,77.31830733249055,79.43651772152232,0.0,0.0,0.0,1.0,0.0,0.0,0.0,24.0,0.0,2.644227332617423,3.2106950238949574,2.462464132536763,-0.6191967260937599,True
2017-07,Gu5PQzqP3oc,191.72465859166633,126.09178683309503,-62.04971507505641,134.9403615127381,303.52621458323125,180.10208950041434,19.070913987644825,18.541148781838576,71.1358153377897,72.57574709773483,71.62742026430176,74.93906082915643,0.0,0.0,0.0,0.0,1.0,0.0,0.0,24.0,0.0,7.8802948143943805,8.115076222354826,7.5140965104243955,0.2322559776562807,True
2017-08,BzhJzdAGARk,183.3427468465128,155.99362701169034,175.1493298764016,48.79710685789156,154.54016111264804,231.14034079100807,16.432785482564785,16.555116582028848,76.39914482529704,71.60951430508183,73.92391770254898,72.38588092510935,1.0,0.0,0.0,0.0,0.0,0.0,0.0,24.0,0.0,7.281661077939645,7.292533381925551,7.196910434308047,0.004808530436206659,True
2017-08,CSiOPKW1OQP,82.38022111996736,63.14451870815898,75.3936213197942,28.308084313695005,100.39810251963107,106.07607464420683,20.707671623122433,21.166635442056396,71.00680421963207,62.79938393150361,68.16736276669747,66.51215715617118,0.0,1.0,0.0,0.0,0.0,0.0,0.14865088937534005,11.0,8.642900000000001,3.767608168236018,4.316375552542805,4.567464662632864,-1.1192330264350026,True
2017-08,EritxSJ4SVG,80.25009832358414,69.82315894801958,90.18182172280254,15.549490853527075,94.76762535946581,103.02700157097817,22.629698544103473,22.52612850269813,67.23160039530993,62.80096049207296,66.72913363842555,63.16139990983936,0.0,0.0,1.0,0.0,0.0,0.0,0.0,24.0,0.0,8.493442562265903,8.363197965364883,7.9864953129492875,-0.24312762889320894,True
2017-08,Fczy0xwaJSy,343.19173075980234,255.8265840176897,275.15692709376816,103.22353063702991,180.38714932162318,462.5326866827513,13.77765972734427,13.732482931105064,81.42877254407179,76.6770991019294,78.9891860976404,77.31830733249055,0.0,0.0,0.0,1.0,0.0,0.0,0.0,24.0,0.0,1.8249528195954339,2.644227332617423,3.2106950238949574,-0.3770381563531964,True
2017-08,Gu5PQzqP3oc,221.9689343054854,191.72465859166633,126.09178683309503,-62.04971507505641,134.9403615127381,303.52621458323125,18.99037390591187,19.070913987644825,73.29134403319961,71.1358153377897,72.57574709773483,71.62742026430176,0.0,0.0,0.0,0.0,1.0,0.0,0.0,24.0,0.0,7.934566849287395,7.8802948143943805,8.115076222354826,0.040022581181813344,True
2017-09,BzhJzdAGARk,203.6899118674027,183.3427468465128,155.99362701169034,175.1493298764016,48.79710685789156,154.54016111264804,16.090764425336893,16.432785482564785,78.8268666317541,76.39914482529704,71.60951430508183,73.92391770254898,1.0,0.0,0.0,0.0,0.0,0.0,0.0,24.0,0.0,7.286469608375851,7.281661077939645,7.292533381925551,0.01071881627229132,True
2017-09,CSiOPKW1OQP,77.95948236842025,82.38022111996736,63.14451870815898,75.3936213197942,28.308084313695005,100.39810251963107,20.301836451552834,20.707671623122433,72.71202471633846,71.00680421963207,62.79938393150361,68.16736276669747,0.0,1.0,0.0,0.0,0.0,1.0,1.0,0.0,9.642900000000001,2.6483751418010155,3.767608168236018,4.316375552542805,-0.6805744093989863,True
2017-09,EritxSJ4SVG,78.21145962159832,80.25009832358414,69.82315894801958,90.18182172280254,15.549490853527075,94.76762535946581,22.007364798069823,22.629698544103473,70.31077759565133,67.23160039530993,62.80096049207296,66.72913363842555,0.0,0.0,1.0,0.0,0.0,0.0,0.0,24.0,0.0,8.144595979281636,8.493442562265903,8.363197965364883,0.08359045536693266,True
2017-09,Fczy0xwaJSy,434.6674465694518,343.19173075980234,255.8265840176897,275.15692709376816,103.22353063702991,180.38714932162318,13.382189196738965,13.77765972734427,84.30020603644957,81.42877254407179,76.6770991019294,78.9891860976404,0.0,0.0,0.0,1.0,0.0,0.0,0.0,24.0,0.0,1.8461717270150824,1.8249528195954339,2.644227332617423,-0.138720733668662,True
2017-09,Gu5PQzqP3oc,235.5293038515828,221.9689343054854,191.72465859166633,126.09178683309503,-62.04971507505641,134.9403615127381,18.436363285775386,18.99037390591187,77.4367720331476,73.29134403319961,71.1358153377897,72.57574709773483,0.0,0.0,0.0,0.0,1.0,0.0,0.0,24.0,0.0,7.770751668249306,7.934566849287395,7.8802948143943805,0.16777947831252327,True
2017-10,BzhJzdAGARk,199.22761639018717,203.6899118674027,183.3427468465128,155.99362701169034,175.1493298764016,48.79710685789156,16.003003695746788,16.090764425336893,76.58195260320267,78.8268666317541,76.39914482529704,71.60951430508183,1.0,0.0,0.0,0.0,0.0,0.0,0.0,24.0,0.0,7.297188424648143,7.286469608375851,7.281661077939645,-0.09655806154098467,True
2017-10,CSiOPKW1OQP,99.53801496589612,77.95948236842025,82.38022111996736,63.14451870815898,75.3936213197942,28.308084313695005,20.348380102732158,20.301836451552834,71.01021055336,72.71202471633846,71.00680421963207,62.79938393150361,0.0,1.0,0.0,0.0,0.0,0.0,0.8408964152537145,1.0,9.642900000000001,1.9678007324020292,2.6483751418010155,3.767608168236018,-0.33515265598476773,True
2017-10,EritxSJ4SVG,98.60637555898253,78.21145962159832,80.25009832358414,69.82315894801958,90.18182172280254,15.549490853527075,21.527063836289916,22.007364798069823,71.4882887836766,70.31077759565133,67.23160039530993,62.80096049207296,0.0,0.0,1.0,0.0,0.0,0.0,0.0,24.0,0.0,8.235443397857784,8.144595979281636,8.493442562265903,-0.05401534439056732,True
2017-10,Fczy0xwaJSy,434.37101871768493,434.6674465694518,343.19173075980234,255.8265840176897,275.15692709376816,103.22353063702991,13.349749246265262,13.382189196738965,82.27031759808241,84.30020603644957,81.42877254407179,76.6770991019294,0.0,0.0,0.0,1.0,0.0,0.0,0.0,24.0,0.0,2.0430403505557932,1.8461717270150824,1.8249528195954339,0.6444475807869869,True
2017-10,Gu5PQzqP3oc,242.17815991253306,235.5293038515828,221.9689343054854,191.72465859166633,126.09178683309503,-62.04971507505641,18.360470135395527,18.436363285775386,74.81535188821819,77.4367720331476,73.29134403319961,71.1358153377897,0.0,0.0,0.0,0.0,1.0,0.0,0.0,24.0,0.0,7.817296002790763,7.770751668249306,7.934566849287395,0.03069110216958304,True
2017-11,BzhJzdAGARk,165.80131605897773,199.22761639018717,203.6899118674027,183.3427468465128,155.99362701169034,175.1493298764016,16.197318978986434,16.003003695746788,75.4964297362601,76.58195260320267,78.8268666317541,76.39914482529704,1.0,0.0,0.0,0.0,0.0,0.0,0.0,24.0,0.0,7.200630363107158,7.297188424648143,7.286469608375851,-0.1143245408270559,True
2017-11,CSiOPKW1OQP,64.91618265813148,99.53801496589612,77.95948236842025,82.38022111996736,63.14451870815898,75.3936213197942,20.776670923215875,20.348380102732158,67.70783453382795,71.01021055336,72.71202471633846,71.00680421963207,0.0,1.0,0.0,0.0,0.0,0.0,0.7071067811865475,2.0,9.642900000000001,1.6326480764172615,1.9678007324020292,2.6483751418010155,0.8321520124425961,True
2017-11,EritxSJ4SVG,64.24221191161348,98.60637555898253,78.21145962159832,80.25009832358414,69.82315894801958,90.18182172280254,22.129172496561463,21.527063836289916,66.81375643922296,71.4882887836766,70.31077759565133,67.23160039530993,0.0,0.0,1.0,0.0,0.0,0.0,0.0,24.0,0.0,8.203535281192595,8.235443397857784,8.144595979281636,-0.3394262203779217,True
2017-11,Fczy0xwaJSy,371.77744766056173,434.37101871768493,434.6674465694518,343.19173075980234,255.8265840176897,275.15692709376816,13.64622825010459,13.349749246265262,80.38692926764402,82.27031759808241,84.30020603644957,81.42877254407179,0.0,0.0,0.0,1.0,0.0,0.0,0.0,24.0,0.0,2.740833241371451,2.0430403505557932,1.8461717270150824,0.39798461279096164,True
2017-11,Gu5PQzqP3oc,87.28743717653771,242.17815991253306,235.5293038515828,221.9689343054854,191.72465859166633,126.09178683309503,18.706936501293754,18.360470135395527,73.76508722208366,74.81535188821819,77.4367720331476,73.29134403319961,0.0,0.0,0.0,0.0,1.0,0.0,0.0,24.0,0.0,7.8896602892823955,7.817296002790763,7.770751668249306,-0.18413706909563832,True
2017-12,BzhJzdAGARk,205.8886375678646,165.80131605897773,199.22761639018717,203.6899118674027,183.3427468465128,155.99362701169034,15.965426905304554,16.197318978986434,74.94872866999518,75.4964297362601,76.58195260320267,78.8268666317541,1.0,0.0,0.0,0.0,0.0,0.0,0.0,24.0,0.0,7.086305822280102,7.200630363107158,7.297188424648143,-0.06180399488130739,True
2017-12,CSiOPKW1OQP,84.49381094636689,64.91618265813148,99.53801496589612,77.95948236842025,82.38022111996736,63.14451870815898,20.193519099879516,20.776670923215875,68.64266168354462,67.70783453382795,71.01021055336,72.71202471633846,0.0,1.0,0.0,0.0,0.0,0.0,0.5946035575013604,3.0,9.642900000000001,2.4648000888598576,1.6326480764172615,1.9678007324020292,-0.9429339070710847,True
2017-12,EritxSJ4SVG,90.94479032703899,64.24221191161348,98.60637555898253,78.21145962159832,80.25009832358414,69.82315894801958,21.607898214578274,22.129172496561463,68.31553372839454,66.81375643922296,71.4882887836766,70.31077759565133,0.0,0.0,1.0,0.0,0.0,0.0,0.0,24.0,0.0,7.860810243484092,8.203535281192595,8.235443397857784,0.2056636360706534,True
2017-12,Fczy0xwaJSy,337.32315829509145,371.77744766056173,434.37101871768493,434.6674465694518,343.19173075980234,255.8265840176897,13.292044433102648,13.64622825010459,79.64201564568239,80.38692926764402,82.27031759808241,84.30020603644957,0.0,0.0,0.0,1.0,0.0,0.0,0.0,24.0,0.0,2.9308135940862496,2.740833241371451,2.0430403505557932,0.14684171000199564,True
2017-12,Gu5PQzqP3oc,136.08486465388273,87.28743717653771,242.17815991253306,235.5293038515828,221.9689343054854,191.72465859166633,18.284835837611134,18.706936501293754,74.32754471308091,73.76508722208366,74.81535188821819,77.4367720331476,0.0,0.0,0.0,0.0,1.0,0.0,0.0,24.0,0.0,7.826570884473861,7.8896602892823955,7.817296002790763,0.051968374636785164,True
2018-01,BzhJzdAGARk,228.6150173264434,205.8886375678646,165.80131605897773,199.22761639018717,203.6899118674027,183.3427468465128,16.46949844908302,15.965426905304554,72.68743523764088,74.94872866999518,75.4964297362601,76.58195260320267,1.0,0.0,0.0,0.0,0.0,0.0,0.0,24.0,0.0,7.024501827398795,7.086305822280102,7.200630363107158,0.2676778081876128,True
2018-01,CSiOPKW1OQP,27.06803800668009,84.49381094636689,64.91618265813148,99.53801496589612,77.95948236842025,82.38022111996736,20.986032944659677,20.193519099879516,63.1166196287777,68.64266168354462,67.70783453382795,71.01021055336,0.0,1.0,0.0,0.0,0.0,0.0,0.4999999999999999,4.0,9.642900000000001,1.5218661817887729,2.4648000888598576,1.6326480764172615,-0.08961947542821869,True
2018-01,EritxSJ4SVG,69.62193898325793,90.94479032703899,64.24221191161348,98.60637555898253,78.21145962159832,80.25009832358414,22.172487349179974,21.607898214578274,65.18601588602398,68.31553372839454,66.81375643922296,71.4882887836766,0.0,0.0,1.0,0.0,0.0,0.0,0.0,24.0,0.0,8.132316374045189,7.860810243484092,8.203535281192595,-0.02867653901506806,True
2018-01,Fczy0xwaJSy,148.06578163709815,337.32315829509145,371.77744766056173,434.37101871768493,434.6674465694518,343.19173075980234,13.475291764747778,13.292044433102648,77.16466167470689,79.64201564568239,80.38692926764402,82.27031759808241,0.0,0.0,0.0,1.0,0.0,0.0,0.0,24.0,0.0,2.7597834276330575,2.9308135940862496,2.740833241371451,-0.053604818151439027,True
2018-01,Gu5PQzqP3oc,207.58164736511912,136.08486465388273,87.28743717653771,242.17815991253306,235.5293038515828,221.9689343054854,18.64482045675784,18.284835837611134,73.14732533137361,74.32754471308091,73.76508722208366,74.81535188821819,0.0,0.0,0.0,0.0,1.0,0.0,0.0,24.0,0.0,7.961040255617019,7.826570884473861,7.8896602892823955,0.23600732092941268,True
2018-02,BzhJzdAGARk,356.07500000165265,228.6150173264434,205.8886375678646,165.80131605897773,199.22761639018717,203.6899118674027,15.450968887728157,16.46949844908302,78.95143800221268,72.68743523764088,74.94872866999518,75.4964297362601,1.0,0.0,0.0,0.0,0.0,0.0,0.0,24.0,0.0,7.2921796355864075,7.024501827398795,7.086305822280102,-0.5655655296415611,True
2018-02,CSiOPKW1OQP,96.860324219326,27.06803800668009,84.49381094636689,64.91618265813148,99.53801496589612,77.95948236842025,20.102968907293953,20.986032944659677,68.80774063615615,63.1166196287777,68.64266168354462,67.70783453382795,0.0,1.0,0.0,0.0,0.0,0.0,0.42044820762685714,5.0,9.642900000000001,1.4322467063605542,1.5218661817887729,2.4648000888598576,0.38513569758380517,True
2018-02,EritxSJ4SVG,129.23365169564556,69.62193898325793,90.94479032703899,64.24221191161348,98.60637555898253,78.21145962159832,20.991829627515266,22.172487349179974,71.80106934155005,65.18601588602398,68.31553372839454,66.81375643922296,0.0,0.0,1.0,0.0,0.0,0.0,0.0,24.0,0.0,8.119361644764519,8.132316374045189,7.860810243484092,-0.7222057083774338,True
2018-02,Fczy0xwaJSy,371.3740506185545,148.06578163709815,337.32315829509145,371.77744766056173,434.37101871768493,434.6674465694518,12.90910790213629,13.475291764747778,80.76065989399285,77.16466167470689,79.64201564568239,80.38692926764402,0.0,0.0,0.0,1.0,0.0,0.0,0.0,24.0,0.0,2.6312911336006604,2.7597834276330575,2.9308135940862496,-0.7709137870344769,True
2018-02,Gu5PQzqP3oc,231.95374943006294,207.58164736511912,136.08486465388273,87.28743717653771,242.17815991253306,235.5293038515828,17.8206724842876,18.64482045675784,76.17828336410294,73.14732533137361,74.32754471308091,73.76508722208366,0.0,0.0,0.0,0.0,1.0,0.0,0.0,24.0,0.0,8.226519995305832,7.961040255617019,7.826570884473861,-0.18807506700013832,True
2018-03,BzhJzdAGARk,237.4696845479178,356.07500000165265,228.6150173264434,205.8886375678646,165.80131605897773,199.22761639018717,16.088836973256658,15.450968887728157,76.5910663412471,78.95143800221268,72.68743523764088,74.94872866999518,1.0,0.0,0.0,0.0,0.0,0.0,0.0,24.0,0.0,6.726614105944846,7.2921796355864075,7.024501827398795,0.08694512401604015,True
2018-03,CSiOPKW1OQP,87.86008050146302,96.860324219326,27.06803800668009,84.49381094636689,64.91618265813148,99.53801496589612,20.32332322951402,20.102968907293953,69.14936028686076,68.80774063615615,63.1166196287777,68.64266168354462,0.0,1.0,0.0,0.0,0.0,0.0,0.3535533905932736,6.0,9.642900000000001,1.8173824039443593,1.4322467063605542,1.5218661817887729,0.8289057377308111,True
2018-03,EritxSJ4SVG,94.65313729312575,129.23365169564556,69.62193898325793,90.94479032703899,64.24221191161348,98.60637555898253,21.7746616377663,20.991829627515266,68.38705104491004,71.80106934155005,65.18601588602398,68.31553372839454,0.0,0.0,1.0,0.0,0.0,0.0,0.0,24.0,0.0,7.371301207297332,8.119361644764519,8.132316374045189,0.7975124629227874,True
2018-03,Fczy0xwaJSy,387.150453823265,371.3740506185545,148.06578163709815,337.32315829509145,371.77744766056173,434.37101871768493,13.430217759543806,12.90910790213629,81.57452040622513,80.76065989399285,77.16466167470689,79.64201564568239,0.0,0.0,0.0,1.0,0.0,0.0,0.0,24.0,0.0,1.8660496138934723,2.6312911336006604,2.7597834276330575,-0.035460183970590364,True
2018-03,Gu5PQzqP3oc,219.01814988037097,231.95374943006294,207.58164736511912,136.08486465388273,87.28743717653771,242.17815991253306,18.379468391629946,17.8206724842876,75.20319598953019,76.17828336410294,73.14732533137361,74.32754471308091,0.0,0.0,0.0,0.0,1.0,0.0,0.0,24.0,0.0,8.007977868326948,8.226519995305832,7.961040255617019,0.06940589294927157,True
2018-04,BzhJzdAGARk,210.51760910782502,237.4696845479178,356.07500000165265,228.6150173264434,205.8886375678646,165.80131605897773,15.652556434491853,16.088836973256658,76.26044284832751,76.5910663412471,78.95143800221268,72.68743523764088,1.0,0.0,0.0,0.0,0.0,0.0,0.0,24.0,0.0,6.8135592299608865,6.726614105944846,7.2921796355864075,-0.2734372716359825,True
2018-04,CSiOPKW1OQP,160.5368842633086,87.86008050146302,96.860324219326,27.06803800668009,84.49381094636689,64.91618265813148,19.46270317896423,20.32332322951402,74.04154434880897,69.14936028686076,68.80774063615615,63.1166196287777,0.0,1.0,0.0,0.0,0.0,0.0,0.29730177875068015,7.0,9.642900000000001,2.6462881416751705,1.8173824039443593,1.4322467063605542,0.0892691143997788,True
2018-04,EritxSJ4SVG,110.85286187526778,94.65313729312575,129.23365169564556,69.62193898325793,90.94479032703899,64.24221191161348,20.938910507158532,21.7746616377663,72.97991718871243,68.38705104491004,71.80106934155005,65.18601588602398,0.0,0.0,1.0,0.0,0.0,0.0,0.0,24.0,0.0,8.296018258155732,7.371301207297332,8.119361644764519,-0.012933699633990159,True
2018-04,Fczy0xwaJSy,292.11779322113097,387.150453823265,371.3740506185545,148.06578163709815,337.32315829509145,371.77744766056173,13.104585859746113,13.430217759543806,81.02905016513894,81.57452040622513,80.76065989399285,77.16466167470689,0.0,0.0,0.0,1.0,0.0,0.0,0.0,24.0,0.0,2.0917221852896715,1.8660496138934723,2.6312911336006604,-0.28542659577513874,True
2018-04,Gu5PQzqP3oc,365.5471677140351,219.01814988037097,231.95374943006294,207.58164736511912,136.08486465388273,87.28743717653771,18.067323943504675,18.379468391629946,74.65982626587133,75.20319598953019,76.17828336410294,73.14732533137361,0.0,0.0,0.0,0.0,1.0,0.0,0.0,24.0,0.0,7.957734283406764,8.007977868326948,8.226519995305832,-0.37389653388384936,True
2018-05,BzhJzdAGARk,349.6785335236232,210.51760910782502,237.4696845479178,356.07500000165265,228.6150173264434,205.8886375678646,15.727929991155822,15.652556434491853,76.00993355141402,76.26044284832751,76.5910663412471,78.95143800221268,1.0,0.0,0.0,0.0,0.0,0.0,0.0,24.0,0.0,6.540121958324904,6.8135592299608865,6.726614105944846,0.2905824471258862,True
2018-05,CSiOPKW1OQP,196.26683628663162,160.5368842633086,87.86008050146302,96.860324219326,27.06803800668009,84.49381094636689,19.66080198610438,19.46270317896423,72.27140147124307,74.04154434880897,69.14936028686076,68.80774063615615,0.0,1.0,0.0,0.0,0.0,0.0,0.2499999999999999,8.0,9.642900000000001,2.7355572560749493,2.6462881416751705,1.8173824039443593,-0.9843280017165592,True
2018-05,EritxSJ4SVG,193.14064551815048,110.85286187526778,94.65313729312575,129.23365169564556,69.62193898325793,90.94479032703899,20.950868038442277,20.938910507158532,72.48821979065515,72.97991718871243,68.38705104491004,71.80106934155005,0.0,0.0,1.0,0.0,0.0,0.0,0.0,24.0,0.0,8.255278612210079,8.296018258155732,7.371301207297332,0.10176478253847243,True
2018-05,Fczy0xwaJSy,569.0109044710309,292.11779322113097,387.150453823265,371.3740506185545,148.06578163709815,337.32315829509145,13.012904069529494,13.104585859746113,81.51118079005944,81.02905016513894,81.57452040622513,80.76065989399285,0.0,0.0,0.0,1.0,0.0,0.0,0.0,24.0,0.0,2.041615125583707,2.0917221852896715,1.8660496138934723,,False
2018-05,Gu5PQzqP3oc,409.06711508377583,365.5471677140351,219.01814988037097,231.95374943006294,207.58164736511912,136.08486465388273,17.941962618315248,18.067323943504675,75.63831762515011,74.65982626587133,75.20319598953019,76.17828336410294,0.0,0.0,0.0,0.0,1.0,0.0,0.0,24.0,0.0,7.515717839675585,7.957734283406764,8.007977868326948,0.3629539782357618,True
2018-06,BzhJzdAGARk,182.63736373673055,349.6785335236232,210.51760910782502,237.4696845479178,356.07500000165265,228.6150173264434,15.81669431440722,15.727929991155822,75.26875901142479,76.00993355141402,76.26044284832751,76.5910663412471,1.0,0.0,0.0,0.0,0.0,0.0,0.0,24.0,0.0,6.83070440545079,6.540121958324904,6.8135592299608865,-0.5188973165728967,True
2018-06,CSiOPKW1OQP,81.09800927350248,196.26683628663162,160.5368842633086,87.86008050146302,96.860324219326,27.06803800668009,19.882146606025877,19.66080198610438,70.18071166457733,72.27140147124307,74.04154434880897,69.14936028686076,0.0,1.0,0.0,0.0,0.0,0.0,0.21022410381342854,9.0,9.642900000000001,1.75122925435839,2.7355572560749493,2.6462881416751705,0.3579179789362452,True
2018-06,EritxSJ4SVG,88.09736981060212,193.14064551815048,110.85286187526778,94.65313729312575,129.23365169564556,69.62193898325793,21.24336915613746,20.950868038442277,70.53779255961035,72.48821979065515,72.97991718871243,68.38705104491004,0.0,0.0,1.0,0.0,0.0,0.0,0.0,24.0,0.0,8.240060227726623,8.255278612210079,8.296018258155732,-0.5552600887465262,True
2018-06,Fczy0xwaJSy,337.82460795299636,569.0109044710309,292.11779322113097,387.150453823265,371.3740506185545,148.06578163709815,13.227396841708977,13.012904069529494,80.67607471689816,81.51118079005944,81.02905016513894,81.57452040622513,0.0,0.0,0.0,1.0,0.0,0.0,0.0,24.0,0.0,,2.041615125583707,2.0917221852896715,0.4678832712284926,False
2018-06,Gu5PQzqP3oc,306.5608597693361,409.06711508377583,365.5471677140351,219.01814988037097,231.95374943006294,207.58164736511912,18.150975659894613,17.941962618315248,75.07189733234726,75.63831762515011,74.65982626587133,75.20319598953019,0.0,0.0,0.0,0.0,1.0,0.0,0.0,24.0,0.0,7.863455130367074,7.515717839675585,7.957734283406764,-0.12922484531967715,True
2018-07,BzhJzdAGARk,170.5552885047165,182.63736373673055,349.6785335236232,210.51760910782502,237.4696845479178,356.07500000165265,16.081174930521065,15.81669431440722,72.41021508691927,75.26875901142479,76.00993355141402,76.26044284832751,1.0,0.0,0.0,0.0,0.0,0.0,0.0,24.0,0.0,6.311807088877893,6.83070440545079,6.540121958324904,-0.019250720694775403,True
2018-07,CSiOPKW1OQP,76.12045559509231,81.09800927350248,196.26683628663162,160.5368842633086,87.86008050146302,96.860324219326,19.980317061528567,19.882146606025877,67.42875483286662,70.18071166457733,72.27140147124307,74.04154434880897,0.0,1.0,0.0,0.0,0.0,0.0,0.17677669529663678,10.0,9.642900000000001,2.1091472332946353,1.75122925435839,2.7355572560749493,-0.08953697912872371,True
2018-07,EritxSJ4SVG,73.3308919244972,88.09736981060212,193.14064551815048,110.85286187526778,94.65313729312575,129.23365169564556,21.379829767069992,21.24336915613746,67.58089913739538,70.53779255961035,72.48821979065515,72.97991718871243,0.0,0.0,1.0,0.0,0.0,0.0,0.0,24.0,0.0,7.6694127093486655,8.240060227726623,8.255278612210079,0.6511380258424406,True
2018-07,Fczy0xwaJSy,280.43659606904464,337.82460795299636,569.0109044710309,292.11779322113097,387.150453823265,371.3740506185545,13.360073825541248,13.227396841708977,77.41708313585842,80.67607471689816,81.51118079005944,81.02905016513894,0.0,0.0,0.0,1.0,0.0,0.0,0.0,24.0,0.0,2.8992890033379646,,2.041615125583707,0.122303345420677,False
2018-07,Gu5PQzqP3oc,216.1807441906637,306.5608597693361,409.06711508377583,365.5471677140351,219.01814988037097,231.95374943006294,18.383127985681387,18.150975659894613,72.64429104748413,75.07189733234726,75.63831762515011,74.65982626587133,0.0,0.0,0.0,0.0,1.0,0.0,0.0,24.0,0.0,7.874723252556815,7.863455130367074,7.515717839675585,0.06627507721934389,True
2018-08,BzhJzdAGARk,184.97216378054728,170.5552885047165,182.63736373673055,349.6785335236232,210.51760910782502,237.4696845479178,15.70963419170175,16.081174930521065,70.61251790148242,72.41021508691927,75.26875901142479,76.00993355141402,1.0,0.0,0.0,0.0,0.0,0.0,0.0,24.0,0.0,6.292556368183118,6.311807088877893,6.83070440545079,-0.26377316132119333,True
2018-08,CSiOPKW1OQP,86.19905237604445,76.12045559509231,81.09800927350248,196.26683628663162,160.5368842633086,87.86008050146302,19.77375912162559,19.980317061528567,66.23617828261668,67.42875483286662,70.18071166457733,72.27140147124307,0.0,1.0,0.0,0.0,0.0,0.0,0.14865088937534005,11.0,9.642900000000001,2.0196102541659116,2.1091472332946353,1.75122925435839,,False
2018-08,EritxSJ4SVG,85.38358240972127,73.3308919244972,88.09736981060212,193.14064551815048,110.85286187526778,94.65313729312575,20.720729060365088,21.379829767069992,68.88452271893594,67.58089913739538,70.53779255961035,72.48821979065515,0.0,0.0,1.0,0.0,0.0,0.0,0.0,24.0,0.0,8.399847430269485,7.6694127093486655,8.240060227726623,0.1201439028263902,True
2018-08,Fczy0xwaJSy,319.60998988986285,280.43659606904464,337.82460795299636,569.0109044710309,292.11779322113097,387.150453823265,13.042870030667087,13.360073825541248,75.10578753332761,77.41708313585842,80.67607471689816,81.51118079005944,0.0,0.0,0.0,1.0,0.0,0.0,0.0,24.0,0.0,2.7472439684862233,2.8992890033379646,,-0.1293499739772752,False
2018-08,Gu5PQzqP3oc,225.64501548998118,216.1807441906637,306.5608597693361,409.06711508377583,365.5471677140351,219.01814988037097,17.963336814050166,18.383127985681387,71.54695277520668,72.64429104748413,75.07189733234726,75.63831762515011,0.0,0.0,0.0,0.0,1.0,0.0,0.0,24.0,0.0,8.033614743611475,7.874723252556815,7.863455130367074,-0.27708338495270457,True
2018-09,BzhJzdAGARk,231.29226522514608,184.97216378054728,170.5552885047165,182.63736373673055,349.6785335236232,210.51760910782502,15.580795270284922,15.70963419170175,78.72918313551581,70.61251790148242,72.41021508691927,75.26875901142479,1.0,0.0,0.0,0.0,0.0,0.0,0.0,24.0,0.0,6.028783206861925,6.292556368183118,6.311807088877893,0.2147084004169928,True
2018-09,CSiOPKW1OQP,135.19053207615667,86.19905237604445,76.12045559509231,81.09800927350248,196.26683628663162,160.5368842633086,19.24625685939811,19.77375912162559,75.50301492365183,66.23617828261668,67.42875483286662,70.18071166457733,0.0,1.0,0.0,0.0,0.0,1.0,1.0,0.0,10.642900000000001,,2.0196102541659116,2.1091472332946353,-0.13545667269328865,False
2018-09,EritxSJ4SVG,141.6204716300122,85.38358240972127,73.3308919244972,88.09736981060212,193.14064551815048,110.85286187526778,20.56748439638755,20.720729060365088,75.36155188395217,68.88452271893594,67.58089913739538,70.53779255961035,0.0,0.0,1.0,0.0,0.0,0.0,0.0,24.0,0.0,8.492149000145202,8.399847430269485,7.6694127093486655,0.0968466451125991,True
2018-09,Fczy0xwaJSy,383.07604870251384,319.60998988986285,280.43659606904464,337.82460795299636,569.0109044710309,292.11779322113097,13.064807492327981,13.042870030667087,82.34914904109623,75.10578753332761,77.41708313585842,80.67607471689816,0.0,0.0,0.0,1.0,0.0,0.0,0.0,24.0,0.0,2.4561550631254927,2.7472439684862233,2.8992890033379646,-0.47756226707488914,True
2018-09,Gu5PQzqP3oc,291.6712162535297,225.64501548998118,216.1807441906637,306.5608597693361,409.06711508377583,365.5471677140351,17.929161930510986,17.963336814050166,78.61248789441223,71.54695277520668,72.64429104748413,75.07189733234726,0.0,0.0,0.0,0.0,1.0,0.0,0.0,24.0,0.0,7.771107965176838,8.033614743611475,7.874723252556815,-0.1207099956447335,True
2018-10,BzhJzdAGARk,144.06245349785922,231.29226522514608,184.97216378054728,170.5552885047165,182.63736373673055,349.6785335236232,15.988797589175002,15.580795270284922,75.4621704790796,78.72918313551581,70.61251790148242,72.41021508691927,1.0,0.0,0.0,0.0,0.0,0.0,0.0,24.0,0.0,6.2434916072789175,6.028783206861925,6.292556368183118,0.003434411540481186,True
2018-10,CSiOPKW1OQP,79.35626998141447,135.19053207615667,86.19905237604445,76.12045559509231,81.09800927350248,196.26683628663162,19.605111721538936,19.24625685939811,73.1056199807969,75.50301492365183,66.23617828261668,67.42875483286662,0.0,1.0,0.0,0.0,0.0,0.0,0.8408964152537145,1.0,10.642900000000001,1.7486969087793343,,2.0196102541659116,1.3521928692942686,False
2018-10,EritxSJ4SVG,71.09206245710692,141.6204716300122,85.38358240972127,73.3308919244972,88.09736981060212,193.14064551815048,21.14513758744252,20.56748439638755,72.98626408330227,75.36155188395217,68.88452271893594,67.58089913739538,0.0,0.0,1.0,0.0,0.0,0.0,0.0,24.0,0.0,8.471237712621196,8.492149000145202,8.399847430269485,-0.1792671298249715,True
2018-10,Fczy0xwaJSy,252.01981500046858,383.07604870251384,319.60998988986285,280.43659606904464,337.82460795299636,569.0109044710309,13.336091221046859,13.064807492327981,80.14360455459791,82.34914904109623,75.10578753332761,77.41708313585842,0.0,0.0,0.0,1.0,0.0,0.0,0.0,24.0,0.0,2.0480517590995975,2.4561550631254927,2.7472439684862233,-0.12308516730167973,True
2018-10,Gu5PQzqP3oc,160.5793203697451,291.6712162535297,225.64501548998118,216.1807441906637,306.5608597693361,409.06711508377583,18.53674713124964,17.929161930510986,74.45735288671872,78.61248789441223,71.54695277520668,72.64429104748413,0.0,0.0,0.0,0.0,1.0,0.0,0.0,24.0,0.0,7.5543870124299195,7.771107965176838,8.033614743611475,0.3694668773451779,True
2018-11,BzhJzdAGARk,188.72346833674638,144.06245349785922,231.29226522514608,184.97216378054728,170.5552885047165,182.63736373673055,16.103696282143307,15.988797589175002,74.06045334327544,75.4621704790796,78.72918313551581,70.61251790148242,1.0,0.0,0.0,0.0,0.0,0.0,0.0,24.0,0.0,6.246926018819399,6.2434916072789175,6.028783206861925,0.4185996069804032,True
2018-11,CSiOPKW1OQP,70.20879658203685,79.35626998141447,135.19053207615667,86.19905237604445,76.12045559509231,81.09800927350248,20.155388417911638,19.605111721538936,68.84899217176903,73.1056199807969,75.50301492365183,66.23617828261668,0.0,1.0,0.0,0.0,0.0,0.0,0.7071067811865475,2.0,10.642900000000001,3.100889778073603,1.7486969087793343,,-0.9061592645298684,False
2018-11,EritxSJ4SVG,75.53045867036494,71.09206245710692,141.6204716300122,85.38358240972127,73.3308919244972,88.09736981060212,21.663264095895826,21.14513758744252,67.5975696732331,72.98626408330227,75.36155188395217,68.88452271893594,0.0,0.0,1.0,0.0,0.0,0.0,0.0,24.0,0.0,8.257532397511357,8.471237712621196,8.492149000145202,0.2211817525238544,True
2018-11,Fczy0xwaJSy,304.90424137466925,252.01981500046858,383.07604870251384,319.60998988986285,280.43659606904464,337.82460795299636,13.364996629051628,13.336091221046859,79.00078173222468,80.14360455459791,82.34914904109623,75.10578753332761,0.0,0.0,0.0,1.0,0.0,0.0,0.0,24.0,0.0,2.1394933934126765,2.0480517590995975,2.4561550631254927,-0.22401060117836202,True
2018-11,Gu5PQzqP3oc,189.89299681010445,160.5793203697451,291.6712162535297,225.64501548998118,216.1807441906637,306.5608597693361,18.420063324197642,18.53674713124964,73.46070851518179,74.45735288671872,78.61248789441223,71.54695277520668,0.0,0.0,0.0,0.0,1.0,0.0,0.0,24.0,0.0,7.847518460014715,7.5543870124299195,7.771107965176838,0.22007951111504376,True
2018-12,BzhJzdAGARk,136.4581829293936,188.72346833674638,144.06245349785922,231.29226522514608,184.97216378054728,170.5552885047165,16.40242743648619,16.103696282143307,74.72313360677047,74.06045334327544,75.4621704790796,78.72918313551581,1.0,0.0,0.0,0.0,0.0,0.0,0.0,24.0,0.0,6.665525625799802,6.246926018819399,6.2434916072789175,0.25697264471153947,True
2018-12,CSiOPKW1OQP,45.5294127667061,70.20879658203685,79.35626998141447,135.19053207615667,86.19905237604445,76.12045559509231,20.61716665614553,20.155388417911638,67.9352569976778,68.84899217176903,73.1056199807969,75.50301492365183,0.0,1.0,0.0,0.0,0.0,0.0,0.5946035575013604,3.0,10.642900000000001,2.1947305135437345,3.100889778073603,1.7486969087793343,1.3764715234884477,True
2018-12,EritxSJ4SVG,54.94816112641282,75.53045867036494,71.09206245710692,141.6204716300122,85.38358240972127,73.3308919244972,22.238191241989604,21.663264095895826,66.55128638957476,67.5975696732331,72.98626408330227,75.36155188395217,0.0,0.0,1.0,0.0,0.0,0.0,0.0,24.0,0.0,8.494752042688367,8.257532397511357,8.471237712621196,0.18994831997559913,True
2018-12,Fczy0xwaJSy,365.87022139891644,304.90424137466925,252.01981500046858,383.07604870251384,319.60998988986285,280.43659606904464,13.736033640619864,13.364996629051628,78.70612337482032,79.00078173222468,80.14360455459791,82.34914904109623,0.0,0.0,0.0,1.0,0.0,0.0,0.0,24.0,0.0,2.0550487459310314,2.1394933934126765,2.0480517590995975,0.3215709997850298,True
2018-12,Gu5PQzqP3oc,212.74809682704154,189.89299681010445,160.5793203697451,291.6712162535297,225.64501548998118,216.1807441906637,18.733429879305607,18.420063324197642,74.56482639828084,73.46070851518179,74.45735288671872,78.61248789441223,0.0,0.0,0.0,0.0,1.0,0.0,0.0,24.0,0.0,8.113616879921413,7.847518460014715,7.5543870124299195,0.14767380828640775,True
2019-01,BzhJzdAGARk,315.3858547861543,136.4581829293936,188.72346833674638,144.06245349785922,231.29226522514608,184.97216378054728,15.846926496223396,16.40242743648619,77.33358297118505,74.72313360677047,74.06045334327544,75.4621704790796,1.0,0.0,0.0,0.0,0.0,0.0,0.0,24.0,0.0,6.922498270511341,6.665525625799802,6.246926018819399,-0.11006728804043764,True
2019-01,CSiOPKW1OQP,91.34963636473887,45.5294127667061,70.20879658203685,79.35626998141447,135.19053207615667,86.19905237604445,19.97208639385268,20.61716665614553,71.39794261318234,67.9352569976778,68.84899217176903,73.1056199807969,0.0,1.0,0.0,0.0,0.0,0.0,0.4999999999999999,4.0,10.642900000000001,3.571202037032182,2.1947305135437345,3.100889778073603,0.0676601739302467,True
2019-01,EritxSJ4SVG,84.95107758336964,54.94816112641282,75.53045867036494,71.09206245710692,141.6204716300122,85.38358240972127,21.5423982780811,22.238191241989604,70.32990011441878,66.55128638957476,67.5975696732331,72.98626408330227,0.0,0.0,1.0,0.0,0.0,0.0,0.0,24.0,0.0,8.673845976924195,8.494752042688367,8.257532397511357,0.0396983867304872,True
2019-01,Fczy0xwaJSy,266.690978511655,365.87022139891644,304.90424137466925,252.01981500046858,383.07604870251384,319.60998988986285,13.256037893734671,13.736033640619864,81.80825269967195,78.70612337482032,79.00078173222468,80.14360455459791,0.0,0.0,0.0,1.0,0.0,0.0,0.0,24.0,0.0,2.4323065393729824,2.0550487459310314,2.1394933934126765,0.2496721316486834,True
2019-01,Gu5PQzqP3oc,235.08591288924433,212.74809682704154,189.89299681010445,160.5793203697451,291.6712162535297,225.64501548998118,18.233609811370965,18.733429879305607,75.67569078217302,74.56482639828084,73.46070851518179,74.45735288671872,0.0,0.0,0.0,0.0,1.0,0.0,0.0,24.0,0.0,8.323019751366054,8.113616879921413,7.847518460014715,-0.16383724040372805,True
2019-02,BzhJzdAGARk,232.46996401123917,315.3858547861543,136.4581829293936,188.72346833674638,144.06245349785922,231.29226522514608,16.254856902113488,15.846926496223396,75.1100344440695,77.33358297118505,74.72313360677047,74.06045334327544,1.0,0.0,0.0,0.0,0.0,0.0,0.0,24.0,0.0,6.812430982470904,6.922498270511341,6.665525625799802,0.07814651483422885,True
2019-02,CSiOPKW1OQP,68.53466516317886,91.34963636473887,45.5294127667061,70.20879658203685,79.35626998141447,135.19053207615667,20.591956516467558,19.97208639385268,68.00394530499413,71.39794261318234,67.9352569976778,68.84899217176903,0.0,1.0,0.0,0.0,0.0,0.0,0.42044820762685714,5.0,10.642900000000001,3.638862210962429,3.571202037032182,2.1947305135437345,-0.4856499277281068,True
2019-02,EritxSJ4SVG,73.24081896816263,84.95107758336964,54.94816112641282,75.53045867036494,71.09206245710692,141.6204716300122,22.050377089119184,21.5423982780811,68.05527936371207,70.32990011441878,66.55128638957476,67.5975696732331,0.0,0.0,1.0,0.0,0.0,0.0,0.0,24.0,0.0,8.648160694475965,8.673845976924195,8.494752042688367,-0.019232584313618517,True
2019-02,Fczy0xwaJSy,383.12418905307095,266.690978511655,365.87022139891644,304.90424137466925,252.01981500046858,383.07604870251384,13.446496589397766,13.256037893734671,82.69253525397701,81.80825269967195,78.70612337482032,79.00078173222468,0.0,0.0,0.0,1.0,0.0,0.0,0.0,24.0,0.0,2.6522360689929583,2.4323065393729824,2.0550487459310314,0.21514024951049482,True
2019-02,Gu5PQzqP3oc,296.4509611047861,235.08591288924433,212.74809682704154,189.89299681010445,160.5793203697451,291.6712162535297,18.551360701983207,18.233609811370965,76.077255761701,75.67569078217302,74.56482639828084,73.46070851518179,0.0,0.0,0.0,0.0,1.0,0.0,0.0,24.0,0.0,8.15753835271551,8.323019751366054,8.113616879921413,0.22385629276184993,True
2019-03,BzhJzdAGARk,90.13424860610357,232.46996401123917,315.3858547861543,136.4581829293936,188.72346833674638,144.06245349785922,16.418621667448704,16.254856902113488,73.38125909747652,75.1100344440695,77.33358297118505,74.72313360677047,1.0,0.0,0.0,0.0,0.0,0.0,0.0,24.0,0.0,6.890577497305133,6.812430982470904,6.922498270511341,-0.1886179144775353,True
2019-03,CSiOPKW1OQP,52.016410312255545,68.53466516317886,91.34963636473887,45.5294127667061,70.20879658203685,79.35626998141447,21.107592551608267,20.591956516467558,62.73838406845736,68.00394530499413,71.39794261318234,67.9352569976778,0.0,1.0,0.0,0.0,0.0,0.0,0.3535533905932736,6.0,10.642900000000001,3.153212283234322,3.638862210962429,3.571202037032182,-0.028815823474777957,True
2019-03,EritxSJ4SVG,62.21339977125189,73.24081896816263,84.95107758336964,54.94816112641282,75.53045867036494,71.09206245710692,22.179419727041545,22.050377089119184,64.97077848594284,68.05527936371207,70.32990011441878,66.55128638957476,0.0,0.0,1.0,0.0,0.0,0.0,0.0,24.0,0.0,8.59378458616624,8.648160694475965,8.673845976924195,-0.3089284254700466,True
2019-03,Fczy0xwaJSy,235.88663837776653,383.12418905307095,266.690978511655,365.87022139891644,304.90424137466925,252.01981500046858,13.555963110104768,13.446496589397766,79.33017919684659,82.69253525397701,81.80825269967195,78.70612337482032,0.0,0.0,0.0,1.0,0.0,0.0,0.0,24.0,0.0,2.6852429561221447,2.6522360689929583,2.4323065393729824,-0.07665679141269255,True
2019-03,Gu5PQzqP3oc,225.87296674302002,296.4509611047861,235.08591288924433,212.74809682704154,189.89299681010445,160.5793203697451,18.599787853309238,18.551360701983207,74.75295965442905,76.077255761701,75.67569078217302,74.56482639828084,0.0,0.0,0.0,0.0,1.0,0.0,0.0,24.0,0.0,8.28579046003073,8.15753835271551,8.323019751366054,-0.1979055804248464,True
2019-04,BzhJzdAGARk,133.2982640806737,90.13424860610357,232.46996401123917,315.3858547861543,136.4581829293936,188.72346833674638,16.388805156062276,16.418621667448704,73.77854721947452,73.38125909747652,75.1100344440695,77.33358297118505,1.0,0.0,0.0,0.0,0.0,0.0,0.0,24.0,0.0,6.701959582827597,6.890577497305133,6.812430982470904,-0.12754248869320062,True
2019-04,CSiOPKW1OQP,41.05185185062514,52.016410312255545,68.53466516317886,91.34963636473887,45.5294127667061,70.20879658203685,21.170666434572617,21.107592551608267,61.86096763655324,62.73838406845736,68.00394530499413,71.39794261318234,0.0,1.0,0.0,0.0,0.0,0.0,0.29730177875068015,7.0,10.642900000000001,3.124396459759544,3.153212283234322,3.638862210962429,0.15451174001667667,True
2019-04,EritxSJ4SVG,60.54925128177222,62.21339977125189,73.24081896816263,84.95107758336964,54.94816112641282,75.53045867036494,22.460448725072553,22.179419727041545,63.43584504527564,64.97077848594284,68.05527936371207,70.32990011441878,0.0,0.0,1.0,0.0,0.0,0.0,0.0,24.0,0.0,8.28219679933796,8.59378458616624,8.648160694475965,0.0440960285660541,True
2019-04,Fczy0xwaJSy,177.70777749142604,235.88663837776653,383.12418905307095,266.690978511655,365.87022139891644,304.90424137466925,13.532366218417431,13.555963110104768,77.37989698207714,79.33017919684659,82.69253525397701,81.80825269967195,0.0,0.0,0.0,1.0,0.0,0.0,0.0,24.0,0.0,2.4890621367687022,2.6852429561221447,2.6522360689929583,0.799486351132237,True
2019-04,Gu5PQzqP3oc,106.09110518239736,225.87296674302002,296.4509611047861,235.08591288924433,212.74809682704154,189.89299681010445,18.688067621068154,18.599787853309238,73.11486151852048,74.75295965442905,76.077255761701,75.67569078217302,0.0,0.0,0.0,0.0,1.0,0.0,0.0,24.0,0.0,8.028774656809972,8.28579046003073,8.15753835271551,0.08468532401247852,True
2019-05,BzhJzdAGARk,135.93961124525862,133.2982640806737,90.13424860610357,232.46996401123917,315.3858547861543,136.4581829293936,16.684601835304992,16.388805156062276,72.98295611509994,73.77854721947452,73.38125909747652,75.1100344440695,1.0,0.0,0.0,0.0,0.0,0.0,0.0,24.0,0.0,6.574417094134397,6.701959582827597,6.890577497305133,-0.06436324541504845,True
2019-05,CSiOPKW1OQP,43.24433920949086,41.05185185062514,52.016410312255545,68.53466516317886,91.34963636473887,45.5294127667061,20.88638327287169,21.170666434572617,66.77621042465375,61.86096763655324,62.73838406845736,68.00394530499413,0.0,1.0,0.0,0.0,0.0,0.0,0.2499999999999999,8.0,10.642900000000001,3.278908199776221,3.124396459759544,3.153212283234322,-0.018210372784594586,True
2019-05,EritxSJ4SVG,43.17925107122343,60.54925128177222,62.21339977125189,73.24081896816263,84.95107758336964,54.94816112641282,22.3650066929381,22.460448725072553,67.08738300202481,63.43584504527564,64.97077848594284,68.05527936371207,0.0,0.0,1.0,0.0,0.0,1.0,1.0,0.0,1.0,8.381746495053177,8.28219679933796,8.59378458616624,-0.5695501777816672,True
2019-05,Fczy0xwaJSy,292.6105564249868,177.70777749142604,235.88663837776653,383.12418905307095,266.690978511655,365.87022139891644,13.694439545544355,13.532366218417431,79.27229785602523,77.37989698207714,79.33017919684659,82.69253525397701,0.0,0.0,0.0,1.0,0.0,0.0,0.0,24.0,0.0,3.358550353430479,2.4890621367687022,2.6852429561221447,-0.47062947580399417,True
2019-05,Gu5PQzqP3oc,182.73868547206436,106.09110518239736,225.87296674302002,296.4509611047861,235.08591288924433,212.74809682704154,19.09449310963964,18.688067621068154,72.41386743754644,73.11486151852048,74.75295965442905,76.077255761701,0.0,0.0,0.0,0.0,1.0,0.0,0.0,24.0,0.0,8.070403183457056,8.028774656809972,8.28579046003073,-0.34955617121494775,True
2019-06,BzhJzdAGARk,219.0955425262843,135.93961124525862,133.2982640806737,90.13424860610357,232.46996401123917,315.3858547861543,15.989198048608802,16.684601835304992,81.34517903851012,72.98295611509994,73.77854721947452,73.38125909747652,1.0,0.0,0.0,0.0,0.0,0.0,0.0,24.0,0.0,6.510053848719348,6.574417094134397,6.701959582827597,0.27138167056604257,True
2019-06,CSiOPKW1OQP,104.91641875609855,43.24433920949086,41.05185185062514,52.016410312255545,68.53466516317886,91.34963636473887,20.194052630790065,20.88638327287169,74.65160506881193,66.77621042465375,61.86096763655324,62.73838406845736,0.0,1.0,0.0,0.0,0.0,0.0,0.21022410381342854,9.0,10.642900000000001,3.2606978269916262,3.278908199776221,3.124396459759544,-0.6094636813666581,True
2019-06,EritxSJ4SVG,95.4489496759815,43.17925107122343,60.54925128177222,62.21339977125189,73.24081896816263,84.95107758336964,21.548951511979,22.3650066929381,74.56910987184494,67.08738300202481,63.43584504527564,64.97077848594284,0.0,0.0,1.0,0.0,0.0,0.0,0.8408964152537145,1.0,1.0,7.85085909337723,8.381746495053177,8.28219679933796,-0.3365255639468847,True
2019-06,Fczy0xwaJSy,362.8481509868053,292.6105564249868,177.70777749142604,235.88663837776653,383.12418905307095,266.690978511655,13.702154240331089,13.694439545544355,83.634395813889,79.27229785602523,77.37989698207714,79.33017919684659,0.0,0.0,0.0,1.0,0.0,0.0,0.0,24.0,0.0,2.637130093438537,3.358550353430479,2.4890621367687022,0.22958099495202555,True
2019-06,Gu5PQzqP3oc,196.46481421840934,182.73868547206436,106.09110518239736,225.87296674302002,296.4509611047861,235.08591288924433,18.319690990126123,19.09449310963964,79.21568205855192,72.41386743754644,73.11486151852048,74.75295965442905,0.0,0.0,0.0,0.0,1.0,0.0,0.0,24.0,0.0,7.767454957089802,8.070403183457056,8.028774656809972,0.06874250900782108,True
2019-07,BzhJzdAGARk,246.75037721428484,219.0955425262843,135.93961124525862,133.2982640806737,90.13424860610357,232.46996401123917,15.999194899268398,15.989198048608802,82.54350506162687,81.34517903851012,72.98295611509994,73.77854721947452,1.0,0.0,0.0,0.0,0.0,0.0,0.0,24.0,0.0,6.781435519285391,6.510053848719348,6.574417094134397,0.23427128333616665,True
2019-07,CSiOPKW1OQP,121.28574982414925,104.91641875609855,43.24433920949086,41.05185185062514,52.016410312255545,68.53466516317886,20.20745365752078,20.194052630790065,76.37180254929947,74.65160506881193,66.77621042465375,61.86096763655324,0.0,1.0,0.0,0.0,0.0,0.0,0.17677669529663678,10.0,10.642900000000001,2.651234145624968,3.2606978269916262,3.278908199776221,-0.5328524309166833,True
2019-07,EritxSJ4SVG,114.65873649517005,95.4489496759815,43.17925107122343,60.54925128177222,62.21339977125189,73.24081896816263,21.521805529962688,21.548951511979,75.7738900845115,74.56910987184494,67.08738300202481,63.43584504527564,0.0,0.0,1.0,0.0,0.0,0.0,0.7071067811865475,2.0,1.0,7.604680713053208,7.85085909337723,8.381746495053177,-0.32545075434335313,True
2019-07,Fczy0xwaJSy,494.50317932102075,362.8481509868053,292.6105564249868,177.70777749142604,235.88663837776653,383.12418905307095,13.570770622540378,13.702154240331089,87.51191273783041,83.634395813889,79.27229785602523,77.37989698207714,0.0,0.0,0.0,1.0,0.0,0.0,0.0,24.0,0.0,2.711491346836214,2.637130093438537,3.358550353430479,-0.033935765231574155,True
2019-07,Gu5PQzqP3oc,272.35300811919814,196.46481421840934,182.73868547206436,106.09110518239736,225.87296674302002,296.4509611047861,18.27183240885693,18.319690990126123,81.15843706993076,79.21568205855192,72.41386743754644,73.11486151852048,0.0,0.0,0.0,0.0,1.0,0.0,0.0,24.0,0.0,7.884375381977146,7.767454957089802,8.070403183457056,0.37998144035929826,True
2019-08,BzhJzdAGARk,220.04386972089446,246.75037721428484,219.0955425262843,135.93961124525862,133.2982640806737,90.13424860610357,16.13390490773983,15.999194899268398,79.59785495870635,82.54350506162687,81.34517903851012,72.98295611509994,1.0,0.0,0.0,0.0,0.0,0.0,0.0,24.0,0.0,7.015706802621557,6.781435519285391,6.510053848719348,-0.5273975339588928,True
2019-08,CSiOPKW1OQP,94.2155231946127,121.28574982414925,104.91641875609855,43.24433920949086,41.05185185062514,52.016410312255545,19.930495547408526,20.20745365752078,76.63530189546192,76.37180254929947,74.65160506881193,66.77621042465375,0.0,1.0,0.0,0.0,0.0,0.0,0.14865088937534005,11.0,10.642900000000001,2.118381714708285,2.651234145624968,3.2606978269916262,1.6901283174604869,True
2019-08,EritxSJ4SVG,89.48841388848554,114.65873649517005,95.4489496759815,43.17925107122343,60.54925128177222,62.21339977125189,21.686340817947325,21.521805529962688,74.97224303290284,75.7738900845115,74.56910987184494,67.08738300202481,0.0,0.0,1.0,0.0,0.0,0.0,0.5946035575013604,3.0,1.0,7.421623012059379,7.604680713053208,7.85085909337723,-0.5660302908783494,True
2019-08,Fczy0xwaJSy,411.85501203786725,494.50317932102075,362.8481509868053,292.6105564249868,177.70777749142604,235.88663837776653,13.439224144307339,13.570770622540378,84.85834567396437,87.51191273783041,83.634395813889,79.27229785602523,0.0,0.0,0.0,1.0,0.0,0.0,0.0,24.0,0.0,2.8658407893338773,2.711491346836214,2.637130093438537,0.0844550779674722,True
2019-08,Gu5PQzqP3oc,255.06369976370485,272.35300811919814,196.46481421840934,182.73868547206436,106.09110518239736,225.87296674302002,18.496987496049634,18.27183240885693,78.00574975305157,81.15843706993076,79.21568205855192,72.41386743754644,0.0,0.0,0.0,0.0,1.0,0.0,0.0,24.0,0.0,8.35228764557959,7.884375381977146,7.767454957089802,-0.6145377070410589,True
2019-09,BzhJzdAGARk,182.03739458990162,220.04386972089446,246.75037721428484,219.0955425262843,135.93961124525862,133.2982640806737,16.118841368723157,16.13390490773983,75.19344052651812,79.59785495870635,82.54350506162687,81.34517903851012,1.0,0.0,0.0,0.0,0.0,0.0,0.0,24.0,0.0,6.488309268662665,7.015706802621557,6.781435519285391,-0.07932785295685463,True
2019-09,CSiOPKW1OQP,79.89250209153442,94.2155231946127,121.28574982414925,104.91641875609855,43.24433920949086,41.05185185062514,20.079224453569235,19.930495547408526,71.60066689371683,76.63530189546192,76.37180254929947,74.65160506881193,0.0,1.0,0.0,0.0,0.0,1.0,1.0,0.0,11.642900000000001,3.8085100321687717,2.118381714708285,2.651234145624968,-0.20746370367775402,True
2019-09,EritxSJ4SVG,76.70113702049143,89.48841388848554,114.65873649517005,95.4489496759815,43.17925107122343,60.54925128177222,21.822498441704845,21.686340817947325,69.19616395739162,74.97224303290284,75.7738900845115,74.56910987184494,0.0,0.0,1.0,0.0,0.0,0.0,0.4999999999999999,4.0,1.0,6.961276418703037,7.421623012059379,7.604680713053208,-0.18923991329640089,True
2019-09,Fczy0xwaJSy,313.90182161988673,411.85501203786725,494.50317932102075,362.8481509868053,292.6105564249868,177.70777749142604,13.354161544203743,13.439224144307339,81.27524867432815,84.85834567396437,87.51191273783041,83.634395813889,0.0,0.0,0.0,1.0,0.0,0.0,0.0,24.0,0.0,2.856179731299713,2.8658407893338773,2.711491346836214,0.15824678331395603,True
2019-09,Gu5PQzqP3oc,222.0044704243686,255.06369976370485,272.35300811919814,196.46481421840934,182.73868547206436,106.09110518239736,18.458443300604777,18.496987496049634,75.0788185856872,78.00574975305157,81.15843706993076,79.21568205855192,0.0,0.0,0.0,0.0,1.0,0.0,0.0,24.0,0.0,7.810391011257503,8.35228764557959,7.884375381977146,-0.047642916124920554,True
2019-10,BzhJzdAGARk,180.04586779603784,182.03739458990162,220.04386972089446,246.75037721428484,219.0955425262843,135.93961124525862,16.142938843700207,16.118841368723157,76.23575862431797,75.19344052651812,79.59785495870635,82.54350506162687,1.0,0.0,0.0,0.0,0.0,0.0,0.0,24.0,0.0,6.40898141570581,6.488309268662665,7.015706802621557,-0.30508266163714026,True
2019-10,CSiOPKW1OQP,87.73761791611109,79.89250209153442,94.2155231946127,121.28574982414925,104.91641875609855,43.24433920949086,20.34951746265675,20.079224453569235,70.15417964528037,71.60066689371683,76.63530189546192,76.37180254929947,0.0,1.0,0.0,0.0,0.0,0.0,0.8408964152537145,1.0,11.642900000000001,3.6010463284910177,3.8085100321687717,2.118381714708285,-0.17944965672623647,True
2019-10,EritxSJ4SVG,86.97192581313838,76.70113702049143,89.48841388848554,114.65873649517005,95.4489496759815,43.17925107122343,21.751689586899744,21.822498441704845,69.26641855424724,69.19616395739162,74.97224303290284,75.7738900845115,0.0,0.0,1.0,0.0,0.0,0.0,0.42044820762685714,5.0,1.0,6.9170116297075666,6.961276418703037,7.421623012059379,-0.20004432576616438,True
2019-10,Fczy0xwaJSy,313.5747526356212,313.90182161988673,411.85501203786725,494.50317932102075,362.8481509868053,292.6105564249868,13.468053048227533,13.354161544203743,81.7259106879181,81.27524867432815,84.85834567396437,87.51191273783041,0.0,0.0,0.0,1.0,0.0,0.0,0.0,24.0,0.0,2.9333621616851877,2.856179731299713,2.8658407893338773,-0.08690088586970912,True
2019-10,Gu5PQzqP3oc,214.03525259497138,222.0044704243686,255.06369976370485,272.35300811919814,196.46481421840934,182.73868547206436,18.589546202890826,18.458443300604777,75.48788326913136,75.0788185856872,78.00574975305157,81.15843706993076,0.0,0.0,0.0,0.0,1.0,0.0,0.0,24.0,0.0,7.651130389242848,7.810391011257503,8.35228764557959,-0.08315184049643598,True
2019-11,BzhJzdAGARk,253.67197207967092,180.04586779603784,182.03739458990162,220.04386972089446,246.75037721428484,219.0955425262843,15.454092006862966,16.142938843700207,79.55634707324754,76.23575862431797,75.19344052651812,79.59785495870635,1.0,0.0,0.0,0.0,0.0,0.0,0.0,24.0,0.0,6.10389875406867,6.40898141570581,6.488309268662665,0.15332585548392075,True
2019-11,CSiOPKW1OQP,136.01299001677395,87.73761791611109,79.89250209153442,94.2155231946127,121.28574982414925,104.91641875609855,19.25398888237618,20.34951746265675,75.73028500501646,70.15417964528037,71.60066689371683,76.63530189546192,0.0,1.0,0.0,0.0,0.0,0.0,0.7071067811865475,2.0,11.642900000000001,3.421596671764781,3.6010463284910177,3.8085100321687717,0.563415513286988,True
2019-11,EritxSJ4SVG,167.0615260392788,86.97192581313838,76.70113702049143,89.48841388848554,114.65873649517005,95.4489496759815,20.51971796905333,21.751689586899744,76.66132733649441,69.26641855424724,69.19616395739162,74.97224303290284,0.0,0.0,1.0,0.0,0.0,0.0,0.3535533905932736,6.0,1.0,6.833766390043308,6.9170116297075666,6.961276418703037,-0.3591303905811323,True
2019-11,Fczy0xwaJSy,350.7088984219933,313.5747526356212,313.90182161988673,411.85501203786725,494.50317932102075,362.8481509868053,12.943720078310427,13.468053048227533,84.31212196908098,81.7259106879181,81.27524867432815,84.85834567396437,0.0,0.0,0.0,1.0,0.0,0.0,0.0,24.0,0.0,2.778488172794326,2.9333621616851877,2.856179731299713,-0.14881663733916595,True
2019-11,Gu5PQzqP3oc,420.10431915389773,214.03525259497138,222.0044704243686,255.06369976370485,272.35300811919814,196.46481421840934,17.690152844389143,18.589546202890826,79.0116274465728,75.48788326913136,75.0788185856872,78.00574975305157,0.0,0.0,0.0,0.0,1.0,0.0,0.0,24.0,0.0,7.495154987069359,7.651130389242848,7.810391011257503,-0.3217407660728,True
2019-12,BzhJzdAGARk,185.60010660594077,253.67197207967092,180.04586779603784,182.03739458990162,220.04386972089446,246.75037721428484,16.239142748765065,15.454092006862966,75.30199944608015,79.55634707324754,76.23575862431797,75.19344052651812,1.0,0.0,0.0,0.0,0.0,0.0,0.0,24.0,0.0,6.2572246095525905,6.10389875406867,6.40898141570581,-0.026448483173543202,True
2019-12,CSiOPKW1OQP,46.38258033235813,136.01299001677395,87.73761791611109,79.89250209153442,94.2155231946127,121.28574982414925,20.65533267511059,19.25398888237618,67.8993631036316,75.73028500501646,70.15417964528037,71.60066689371683,0.0,1.0,0.0,0.0,0.0,0.0,0.5946035575013604,3.0,11.642900000000001,3.9850121850517692,3.421596671764781,3.6010463284910177,-1.5748920581932824,True
2019-12,EritxSJ4SVG,67.26716663688129,167.0615260392788,86.97192581313838,76.70113702049143,89.48841388848554,114.65873649517005,21.866664805854896,20.51971796905333,68.7082921940165,76.66132733649441,69.26641855424724,69.19616395739162,0.0,0.0,1.0,0.0,0.0,0.0,0.29730177875068015,7.0,1.0,6.536964446077333,6.833766390043308,6.9170116297075666,-0.1444827684746457,True
2019-12,Fczy0xwaJSy,334.5858089278148,350.7088984219933,313.5747526356212,313.90182161988673,411.85501203786725,494.50317932102075,13.592233729697751,12.943720078310427,79.94995078501326,84.31212196908098,81.7259106879181,81.27524867432815,0.0,0.0,0.0,1.0,0.0,0.0,0.0,24.0,0.0,2.595544452776212,2.778488172794326,2.9333621616851877,-0.1895294879136462,True
2019-12,Gu5PQzqP3oc,152.15126007417268,420.10431915389773,214.03525259497138,222.0044704243686,255.06369976370485,272.35300811919814,18.69380643288103,17.690152844389143,73.81505969753066,79.0116274465728,75.48788326913136,75.0788185856872,0.0,0.0,0.0,0.0,1.0,0.0,0.0,24.0,0.0,7.189830310634043,7.495154987069359,7.651130389242848,0.016097802301035635,True
2020-01,BzhJzdAGARk,193.33277621406143,185.60010660594077,253.67197207967092,180.04586779603784,182.03739458990162,220.04386972089446,16.133306159344,16.239142748765065,78.08546864737684,75.30199944608015,79.55634707324754,76.23575862431797,1.0,0.0,0.0,0.0,0.0,0.0,0.0,24.0,0.0,6.230776126379047,6.2572246095525905,6.10389875406867,0.24880692085837275,True
2020-01,CSiOPKW1OQP,189.09470799996615,46.38258033235813,136.01299001677395,87.73761791611109,79.89250209153442,94.2155231946127,20.411622203943384,20.65533267511059,72.3493392931085,67.8993631036316,75.73028500501646,70.15417964528037,0.0,1.0,0.0,0.0,0.0,0.0,0.4999999999999999,4.0,11.642900000000001,2.410120126858487,3.9850121850517692,3.421596671764781,-1.1559808975803898,True
2020-01,EritxSJ4SVG,151.9255470108553,67.26716663688129,167.0615260392788,86.97192581313838,76.70113702049143,89.48841388848554,21.333387800561983,21.866664805854896,72.87652371646149,68.7082921940165,76.66132733649441,69.26641855424724,0.0,0.0,1.0,0.0,0.0,0.0,0.2499999999999999,8.0,1.0,6.483501153451262,6.536964446077333,6.833766390043308,-0.18774039541807852,True
2020-01,Fczy0xwaJSy,589.9581062226093,334.5858089278148,350.7088984219933,313.5747526356212,313.90182161988673,411.85501203786725,13.737884946612247,13.592233729697751,82.83875462936575,79.94995078501326,84.31212196908098,81.7259106879181,0.0,0.0,0.0,1.0,0.0,0.0,0.0,24.0,0.0,2.47558852897459,2.595544452776212,2.778488172794326,0.0350412243977547,True
2020-01,Gu5PQzqP3oc,442.811644736614,152.15126007417268,420.10431915389773,214.03525259497138,222.0044704243686,255.06369976370485,18.41325142916154,18.69380643288103,76.76519886561711,73.81505969753066,79.0116274465728,75.48788326913136,0.0,0.0,0.0,0.0,1.0,0.0,0.0,24.0,0.0,7.280137590951085,7.189830310634043,7.495154987069359,-0.032118275870665514,True
2020-02,BzhJzdAGARk,219.87909051030908,193.33277621406143,185.60010660594077,253.67197207967092,180.04586779603784,182.03739458990162,16.374598687904932,16.133306159344,76.43817496185973,78.08546864737684,75.30199944608015,79.55634707324754,1.0,0.0,0.0,0.0,0.0,0.0,0.0,24.0,0.0,6.47958304723742,6.230776126379047,6.2572246095525905,0.43095681834013977,True
2020-02,CSiOPKW1OQP,91.04552997334655,189.09470799996615,46.38258033235813,136.01299001677395,87.73761791611109,79.89250209153442,20.50318202592158,20.411622203943384,71.61400025306298,72.3493392931085,67.8993631036316,75.73028500501646,0.0,1.0,0.0,0.0,0.0,0.0,0.42044820762685714,5.0,11.642900000000001,1.254139229278097,2.410120126858487,3.9850121850517692,0.5313951347658767,True
2020-02,EritxSJ4SVG,78.9576504011997,151.9255470108553,67.26716663688129,167.0615260392788,86.97192581313838,76.70113702049143,21.895048861093912,21.333387800561983,71.80391801972455,72.87652371646149,68.7082921940165,76.66132733649441,0.0,0.0,1.0,0.0,0.0,0.0,0.21022410381342854,9.0,1.0,6.374021988577766,6.483501153451262,6.536964446077333,0.44278096324031324,True
2020-02,Fczy0xwaJSy,443.3856853555831,589.9581062226093,334.5858089278148,350.7088984219933,313.5747526356212,313.90182161988673,13.89204644890779,13.737884946612247,82.32630924329251,82.83875462936575,79.94995078501326,84.31212196908098,0.0,0.0,0.0,1.0,0.0,0.0,0.0,24.0,0.0,2.6092924112701676,2.47558852897459,2.595544452776212,-0.14528231406998326,True
2020-02,Gu5PQzqP3oc,243.75652069954705,442.811644736614,152.15126007417268,420.10431915389773,214.03525259497138,222.0044704243686,19.086725751339575,18.41325142916154,74.36342876860347,76.76519886561711,73.81505969753066,79.0116274465728,0.0,0.0,0.0,0.0,1.0,0.0,0.0,24.0,0.0,7.382258204162778,7.280137590951085,7.189830310634043,0.21980041745611167,True
2020-03,BzhJzdAGARk,225.87103076888815,219.87909051030908,193.33277621406143,185.60010660594077,253.67197207967092,180.04586779603784,16.238879510663473,16.374598687904932,75.46820453080991,76.43817496185973,78.08546864737684,75.30199944608015,1.0,0.0,0.0,0.0,0.0,0.0,0.0,24.0,0.0,6.91053986557756,6.47958304723742,6.230776126379047,0.008695457154241026,True
2020-03,CSiOPKW1OQP,147.28370830418868,91.04552997334655,189.09470799996615,46.38258033235813,136.01299001677395,87.73761791611109,19.898167735492155,20.50318202592158,75.66071175106892,71.61400025306298,72.3493392931085,67.8993631036316,0.0,1.0,0.0,0.0,0.0,0.0,0.3535533905932736,6.0,11.642900000000001,1.7855343640439738,1.254139229278097,2.410120126858487,-0.5122096162785212,True
2020-03,EritxSJ4SVG,122.14952844856496,78.9576504011997,151.9255470108553,67.26716663688129,167.0615260392788,86.97192581313838,21.63481165284934,21.895048861093912,73.46591104962953,71.80391801972455,72.87652371646149,68.7082921940165,0.0,0.0,1.0,0.0,0.0,0.0,0.17677669529663678,10.0,1.0,6.8703485320865845,6.374021988577766,6.483501153451262,0.16257344734571788,True
2020-03,Fczy0xwaJSy,636.6335392525355,443.3856853555831,589.9581062226093,334.5858089278148,350.7088984219933,313.5747526356212,13.776763847312447,13.89204644890779,83.34203573916159,82.32630924329251,82.83875462936575,79.94995078501326,0.0,0.0,0.0,1.0,0.0,0.0,0.0,24.0,0.0,2.4653850391222063,2.6092924112701676,2.47558852897459,0.18949063760257134,True
2020-03,Gu5PQzqP3oc,271.1058094029306,243.75652069954705,442.811644736614,152.15126007417268,420.10431915389773,214.03525259497138,19.020006017046647,19.086725751339575,75.04796224818637,74.36342876860347,76.76519886561711,73.81505969753066,0.0,0.0,0.0,0.0,1.0,0.0,0.0,24.0,0.0,7.685441092115322,7.382258204162778,7.280137590951085,-0.24330364759893985,True
2020-04,BzhJzdAGARk,326.93324844890986,225.87103076888815,219.87909051030908,193.33277621406143,185.60010660594077,253.67197207967092,16.14100260821425,16.238879510663473,77.60761046440292,75.46820453080991,76.43817496185973,78.08546864737684,1.0,0.0,0.0,0.0,0.0,0.0,0.0,24.0,0.0,6.919235322731801,6.91053986557756,6.47958304723742,0.08061921994180299,True
2020-04,CSiOPKW1OQP,84.33513473921697,147.28370830418868,91.04552997334655,189.09470799996615,46.38258033235813,136.01299001677395,20.296385524104114,19.898167735492155,73.63407847163943,75.66071175106892,71.61400025306298,72.3493392931085,0.0,1.0,0.0,0.0,0.0,0.0,0.29730177875068015,7.0,11.642900000000001,1.2733247477654526,1.7855343640439738,1.254139229278097,-0.25337449626143393,True
2020-04,EritxSJ4SVG,123.57231086651922,122.14952844856496,78.9576504011997,151.9255470108553,67.26716663688129,167.0615260392788,21.507989012050764,21.63481165284934,74.11632973287796,73.46591104962953,71.80391801972455,72.87652371646149,0.0,0.0,1.0,0.0,0.0,0.0,0.14865088937534005,11.0,1.0,6.985617819450895,6.8703485320865845,6.374021988577766,-0.15731052665141476,True
2020-04,Fczy0xwaJSy,569.4426914345017,636.6335392525355,443.3856853555831,589.9581062226093,334.5858089278148,350.7088984219933,13.88342781003703,13.776763847312447,82.83345622154206,83.34203573916159,82.32630924329251,82.83875462936575,0.0,0.0,0.0,1.0,0.0,0.0,0.0,24.0,0.0,2.666651778298441,2.4653850391222063,2.6092924112701676,-1.2087571332529154,True
2020-04,Gu5PQzqP3oc,312.3604990941375,271.1058094029306,243.75652069954705,442.811644736614,152.15126007417268,420.10431915389773,18.922323617791463,19.020006017046647,75.9556861180648,75.04796224818637,74.36342876860347,76.76519886561711,0.0,0.0,0.0,0.0,1.0,0.0,0.0,24.0,0.0,7.4437411057518235,7.685441092115322,7.382258204162778,0.06650581892916474,True
2020-05,BzhJzdAGARk,251.9849461821891,326.93324844890986,225.87103076888815,219.87909051030908,193.33277621406143,185.60010660594077,16.271343525586946,16.14100260821425,76.43597294926155,77.60761046440292,75.46820453080991,76.43817496185973,1.0,0.0,0.0,0.0,0.0,0.0,0.0,24.0,0.0,6.999854542673604,6.919235322731801,6.91053986557756,-0.42721960456488084,True
2020-05,CSiOPKW1OQP,104.46213159685045,84.33513473921697,147.28370830418868,91.04552997334655,189.09470799996615,46.38258033235813,20.66413314907824,20.296385524104114,68.79397489183401,73.63407847163943,75.66071175106892,71.61400025306298,0.0,1.0,0.0,0.0,0.0,0.0,0.2499999999999999,8.0,11.642900000000001,1.0199502515040186,1.2733247477654526,1.7855343640439738,0.542125553492288,True
2020-05,EritxSJ4SVG,121.68047642592462,123.57231086651922,122.14952844856496,78.9576504011997,151.9255470108553,67.26716663688129,21.83542591632207,21.507989012050764,69.90032274653173,74.11632973287796,73.46591104962953,71.80391801972455,0.0,0.0,1.0,0.0,0.0,1.0,1.0,0.0,2.0,6.73446585516787,6.985617819450895,6.8703485320865845,0.0691579280411343,True
2020-05,Fczy0xwaJSy,344.149287690793,569.4426914345017,636.6335392525355,443.3856853555831,589.9581062226093,334.5858089278148,13.792006701360089,13.88342781003703,80.71398922458806,82.83345622154206,83.34203573916159,82.32630924329251,0.0,0.0,0.0,1.0,0.0,0.0,0.0,24.0,0.0,1.3746980504637671,2.666651778298441,2.4653850391222063,-0.40083997707795604,True
2020-05,Gu5PQzqP3oc,289.0941919704537,312.3604990941375,271.1058094029306,243.75652069954705,442.811644736614,152.15126007417268,18.87517805212792,18.922323617791463,75.72113675757352,75.9556861180648,75.04796224818637,74.36342876860347,0.0,0.0,0.0,0.0,1.0,0.0,0.0,24.0,0.0,7.3798960303612064,7.4437411057518235,7.685441092115322,-0.3130443852989995,True
2020-06,BzhJzdAGARk,195.41879040335095,251.9849461821891,326.93324844890986,225.87103076888815,219.87909051030908,193.33277621406143,16.22038029774847,16.271343525586946,72.6986862539094,76.43597294926155,77.60761046440292,75.46820453080991,1.0,0.0,0.0,0.0,0.0,0.0,0.0,24.0,0.0,6.572634938108723,6.999854542673604,6.919235322731801,-0.12577432192366,True
2020-06,CSiOPKW1OQP,74.08378756085682,104.46213159685045,84.33513473921697,147.28370830418868,91.04552997334655,189.09470799996615,20.556599499852673,20.66413314907824,66.45535496980801,68.79397489183401,73.63407847163943,75.66071175106892,0.0,1.0,0.0,0.0,0.0,0.0,0.21022410381342854,9.0,11.642900000000001,1.5620758049963066,1.0199502515040186,1.2733247477654526,-0.22913846012612682,True
2020-06,EritxSJ4SVG,59.90106954102049,121.68047642592462,123.57231086651922,122.14952844856496,78.9576504011997,151.9255470108553,22.088511556518466,21.83542591632207,65.67462390529862,69.90032274653173,74.11632973287796,73.46591104962953,0.0,0.0,1.0,0.0,0.0,0.0,0.8408964152537145,1.0,2.0,6.806102113525415,6.73446585516787,6.985617819450895,-0.26369658071707036,True
2020-06,Fczy0xwaJSy,330.42211431866326,344.149287690793,569.4426914345017,636.6335392525355,443.3856853555831,589.9581062226093,13.667817091441307,13.792006701360089,78.05115749726173,80.71398922458806,82.83345622154206,83.34203573916159,0.0,0.0,0.0,1.0,0.0,0.0,0.0,24.0,0.0,1.2784937128470906,1.3746980504637671,2.666651778298441,-0.3612544433259606,True
2020-06,Gu5PQzqP3oc,308.3692685454151,289.0941919704537,312.3604990941375,271.1058094029306,243.75652069954705,442.811644736614,18.959047994653947,18.87517805212792,72.03891972124353,75.72113675757352,75.9556861180648,75.04796224818637,0.0,0.0,0.0,0.0,1.0,0.0,0.0,24.0,0.0,6.969572011834783,7.3798960303612064,7.4437411057518235,0.4925862496908975,True
2020-07,BzhJzdAGARk,235.0515071828237,195.41879040335095,251.9849461821891,326.93324844890986,225.87103076888815,219.87909051030908,16.00869239097286,16.22038029774847,76.53016218063944,72.6986862539094,76.43597294926155,77.60761046440292,1.0,0.0,0.0,0.0,0.0,0.0,0.0,24.0,0.0,6.446860616185063,6.572634938108723,6.999854542673604,-0.15296950934307496,True
2020-07,CSiOPKW1OQP,98.81574398997907,74.08378756085682,104.46213159685045,84.33513473921697,147.28370830418868,91.04552997334655,20.239012902020235,20.556599499852673,70.55485265275331,66.45535496980801,68.79397489183401,73.63407847163943,0.0,1.0,0.0,0.0,0.0,0.0,0.17677669529663678,10.0,11.642900000000001,1.3329373448701798,1.5620758049963066,1.0199502515040186,-0.21358259277063674,True
2020-07,EritxSJ4SVG,103.03812750435196,59.90106954102049,121.68047642592462,123.57231086651922,122.14952844856496,78.9576504011997,21.738159481695835,22.088511556518466,69.88886584495685,65.67462390529862,69.90032274653173,74.11632973287796,0.0,0.0,1.0,0.0,0.0,0.0,0.7071067811865475,2.0,2.0,6.554144207631849,6.806102113525415,6.73446585516787,0.02455895789259621,True
2020-07,Fczy0xwaJSy,375.45365118956914,330.42211431866326,344.149287690793,569.4426914345017,636.6335392525355,443.3856853555831,13.469444995712053,13.667817091441307,81.38434993850791,78.05115749726173,80.71398922458806,82.83345622154206,0.0,0.0,0.0,1.0,0.0,0.0,0.0,24.0,0.0,1.493621332877733,1.2784937128470906,1.3746980504637671,0.23594886887451327,True
2020-07,Gu5PQzqP3oc,273.16029021192776,308.3692685454151,289.0941919704537,312.3604990941375,271.1058094029306,243.75652069954705,18.665247974643286,18.959047994653947,75.96300453264936,72.03891972124353,75.72113675757352,75.9556861180648,0.0,0.0,0.0,0.0,1.0,0.0,0.0,24.0,0.0,7.427953194688271,6.969572011834783,7.3798960303612064,-0.39321424080700496,True
2020-08,BzhJzdAGARk,202.01431878021683,235.0515071828237,195.41879040335095,251.9849461821891,326.93324844890986,225.87103076888815,15.71130148732889,16.00869239097286,80.1099818334296,76.53016218063944,72.6986862539094,76.43597294926155,1.0,0.0,0.0,0.0,0.0,0.0,0.0,24.0,0.0,6.293891106841988,6.446860616185063,6.572634938108723,0.26220715972332265,True
2020-08,CSiOPKW1OQP,84.39053101276346,98.81574398997907,74.08378756085682,104.46213159685045,84.33513473921697,147.28370830418868,20.25691002163748,20.239012902020235,71.09054634891022,70.55485265275331,66.45535496980801,68.79397489183401,0.0,1.0,0.0,0.0,0.0,0.0,0.14865088937534005,11.0,11.642900000000001,1.119354752099543,1.3329373448701798,1.5620758049963066,0.01451215356277169,True
2020-08,EritxSJ4SVG,84.67755998726861,103.03812750435196,59.90106954102049,121.68047642592462,123.57231086651922,122.14952844856496,21.70719073649987,21.738159481695835,69.26478801433292,69.88886584495685,65.67462390529862,69.90032274653173,0.0,0.0,1.0,0.0,0.0,0.0,0.5946035575013604,3.0,2.0,6.613248852448963,6.554144207631849,6.806102113525415,0.23134537176578984,True
2020-08,Fczy0xwaJSy,370.78444619940836,375.45365118956914,330.42211431866326,344.149287690793,569.4426914345017,636.6335392525355,13.214792136530715,13.469444995712053,85.17071090894439,81.38434993850791,78.05115749726173,80.71398922458806,0.0,0.0,0.0,1.0,0.0,0.0,0.0,24.0,0.0,1.8644096932988032,1.493621332877733,1.2784937128470906,0.00797644103404549,True
2020-08,Gu5PQzqP3oc,230.66019566359674,273.16029021192776,308.3692685454151,289.0941919704537,312.3604990941375,271.1058094029306,18.278358619602333,18.665247974643286,79.20640400806516,75.96300453264936,72.03891972124353,75.72113675757352,0.0,0.0,0.0,0.0,1.0,0.0,0.0,24.0,0.0,7.176203506275138,7.427953194688271,6.969572011834783,-0.09081546332053403,True
2020-09,BzhJzdAGARk,188.01839576946102,202.01431878021683,235.0515071828237,195.41879040335095,251.9849461821891,326.93324844890986,16.297353122402324,15.71130148732889,75.90624658083829,80.1099818334296,76.53016218063944,72.6986862539094,1.0,0.0,0.0,0.0,0.0,0.0,0.0,24.0,0.0,6.556098266565311,6.293891106841988,6.446860616185063,-0.20489617101889035,True
2020-09,CSiOPKW1OQP,57.42071238404641,84.39053101276346,98.81574398997907,74.08378756085682,104.46213159685045,84.33513473921697,21.21836206296988,20.25691002163748,64.58286020117117,71.09054634891022,70.55485265275331,66.45535496980801,0.0,1.0,0.0,0.0,0.0,1.0,1.0,0.0,12.642900000000001,1.1338669056623147,1.119354752099543,1.3329373448701798,,False
2020-09,EritxSJ4SVG,64.40335911284345,84.67755998726861,103.03812750435196,59.90106954102049,121.68047642592462,123.57231086651922,22.29569667905023,21.70719073649987,66.44295021271122,69.26478801433292,69.88886584495685,65.67462390529862,0.0,0.0,1.0,0.0,0.0,0.0,0.4999999999999999,4.0,2.0,6.879822513174019,6.613248852448963,6.554144207631849,0.028393734752787836,True
2020-09,Fczy0xwaJSy,433.4601098788739,370.78444619940836,375.45365118956914,330.42211431866326,344.149287690793,569.4426914345017,13.701847323706518,13.214792136530715,81.54338420442174,85.17071090894439,81.38434993850791,78.05115749726173,0.0,0.0,0.0,1.0,0.0,0.0,0.0,24.0,0.0,1.805147817924879,1.8644096932988032,1.493621332877733,-0.4167010092971146,True
2020-09,Gu5PQzqP3oc,215.83576493228466,230.66019566359674,273.16029021192776,308.3692685454151,289.0941919704537,312.3604990941375,19.11886554816457,18.278358619602333,72.97010498885886,79.20640400806516,75.96300453264936,72.03891972124353,0.0,0.0,0.0,0.0,1.0,0.0,0.0,24.0,0.0,7.151024401018955,7.176203506275138,7.427953194688271,-0.4516138452168308,True
2020-10,BzhJzdAGARk,231.57873434619216,188.01839576946102,202.01431878021683,235.0515071828237,195.41879040335095,251.9849461821891,15.98540577529498,16.297353122402324,74.42862626989891,75.90624658083829,80.1099818334296,76.53016218063944,1.0,0.0,0.0,0.0,0.0,0.0,0.0,24.0,0.0,6.35120209554642,6.556098266565311,6.293891106841988,0.037039415591919145,True
2020-10,CSiOPKW1OQP,85.42010888423667,57.42071238404641,84.39053101276346,98.81574398997907,74.08378756085682,104.46213159685045,20.561401366484205,21.21836206296988,65.47594444750624,64.58286020117117,71.09054634891022,70.55485265275331,0.0,1.0,0.0,0.0,0.0,0.0,0.8408964152537145,1.0,12.642900000000001,,1.1338669056623147,1.119354752099543,-0.3415771802991364,False
2020-10,EritxSJ4SVG,75.9618639202535,64.40335911284345,84.67755998726861,103.03812750435196,59.90106954102049,121.68047642592462,22.14239799131772,22.29569667905023,63.9106000999245,66.44295021271122,69.26478801433292,69.88886584495685,0.0,0.0,1.0,0.0,0.0,0.0,0.42044820762685714,5.0,2.0,6.865171172452056,6.879822513174019,6.613248852448963,0.021799360456216554,True
2020-10,Fczy0xwaJSy,346.06857180005477,433.4601098788739,370.78444619940836,375.45365118956914,330.42211431866326,344.149287690793,13.488455272516791,13.701847323706518,79.21279292205621,81.54338420442174,85.17071090894439,81.38434993850791,0.0,0.0,0.0,1.0,0.0,0.0,0.0,24.0,0.0,1.3236410090515296,1.805147817924879,1.8644096932988032,0.06373654377770799,True
2020-10,Gu5PQzqP3oc,208.17064236451773,215.83576493228466,230.66019566359674,273.16029021192776,308.3692685454151,289.0941919704537,18.632259571449232,19.11886554816457,73.10951131678584,72.97010498885886,79.20640400806516,75.96300453264936,0.0,0.0,0.0,0.0,1.0,0.0,0.0,24.0,0.0,6.722644525836442,7.151024401018955,7.176203506275138,-0.30684956541468633,True
2020-11,BzhJzdAGARk,272.8370346261762,231.57873434619216,188.01839576946102,202.01431878021683,235.0515071828237,195.41879040335095,15.814165129099736,15.98540577529498,76.99875646172562,74.42862626989891,75.90624658083829,80.1099818334296,1.0,0.0,0.0,0.0,0.0,0.0,0.0,24.0,0.0,6.3882415111383395,6.35120209554642,6.556098266565311,-0.6740459724648193,True
2020-11,CSiOPKW1OQP,102.24632219163215,85.42010888423667,57.42071238404641,84.39053101276346,98.81574398997907,74.08378756085682,20.08828918671456,20.561401366484205,70.02288596687004,65.47594444750624,64.58286020117117,71.09054634891022,0.0,1.0,0.0,0.0,0.0,0.0,0.7071067811865475,2.0,12.642900000000001,0.4507125450640418,,1.1338669056623147,,False
2020-11,EritxSJ4SVG,83.38251946401626,75.9618639202535,64.40335911284345,84.67755998726861,103.03812750435196,59.90106954102049,21.71940303606527,22.14239799131772,68.37431532126467,63.9106000999245,66.44295021271122,69.26478801433292,0.0,0.0,1.0,0.0,0.0,0.0,0.3535533905932736,6.0,2.0,6.847564460349341,6.865171172452056,6.879822513174019,-0.7697487427512089,True
2020-11,Fczy0xwaJSy,394.16389974896134,346.06857180005477,433.4601098788739,370.78444619940836,375.45365118956914,330.42211431866326,13.334742772037142,13.488455272516791,82.08363106712217,79.21279292205621,81.54338420442174,85.17071090894439,0.0,0.0,0.0,1.0,0.0,0.0,0.0,24.0,0.0,1.6304744732112266,1.3236410090515296,1.805147817924879,0.08828028923102194,True
2020-11,Gu5PQzqP3oc,248.22290923592413,208.17064236451773,215.83576493228466,230.66019566359674,273.16029021192776,308.3692685454151,18.56743711054701,18.632259571449232,75.10222075101515,73.10951131678584,72.97010498885886,79.20640400806516,0.0,0.0,0.0,0.0,1.0,0.0,0.0,24.0,0.0,6.370854859030406,6.722644525836442,7.151024401018955,-0.3790927430695312,True
2020-12,BzhJzdAGARk,222.52892813996144,272.8370346261762,231.57873434619216,188.01839576946102,202.01431878021683,235.0515071828237,15.922993610753025,15.814165129099736,75.6615929872919,76.99875646172562,74.42862626989891,75.90624658083829,1.0,0.0,0.0,0.0,0.0,0.0,0.0,24.0,0.0,5.71419553867352,6.3882415111383395,6.35120209554642,-0.18605277084190774,True
2020-12,CSiOPKW1OQP,110.73583445268021,102.24632219163215,85.42010888423667,57.42071238404641,84.39053101276346,98.81574398997907,19.95765559325807,20.08828918671456,70.89870130617697,70.02288596687004,65.47594444750624,64.58286020117117,0.0,1.0,0.0,0.0,0.0,0.0,0.5946035575013604,3.0,12.642900000000001,,0.4507125450640418,,0.20113867777891503,False
2020-12,EritxSJ4SVG,92.61924146332433,83.38251946401626,75.9618639202535,64.40335911284345,84.67755998726861,103.03812750435196,21.48513554937597,21.71940303606527,70.1398264869028,68.37431532126467,63.9106000999245,66.44295021271122,0.0,0.0,1.0,0.0,0.0,0.0,0.29730177875068015,7.0,2.0,6.069862168714202,6.847564460349341,6.865171172452056,-0.07671831658930373,True
2020-12,Fczy0xwaJSy,386.5446227998526,394.16389974896134,346.06857180005477,433.4601098788739,370.78444619940836,375.45365118956914,13.346468428555415,13.334742772037142,81.51719375632823,82.08363106712217,79.21279292205621,81.54338420442174,0.0,0.0,0.0,1.0,0.0,0.0,0.0,24.0,0.0,1.9077360813659565,1.6304744732112266,1.3236410090515296,-0.7171634862388208,True
2020-12,Gu5PQzqP3oc,336.41335266009366,248.22290923592413,208.17064236451773,215.83576493228466,230.66019566359674,273.16029021192776,18.674017262446114,18.56743711054701,74.92670209804764,75.10222075101515,73.10951131678584,72.97010498885886,0.0,0.0,0.0,0.0,1.0,0.0,0.0,24.0,0.0,5.986656966444159,6.370854859030406,6.722644525836442,-0.19768661534995324,True
2021-01,BzhJzdAGARk,212.53219562605938,222.52892813996144,272.8370346261762,231.57873434619216,188.01839576946102,202.01431878021683,15.898849348735753,15.922993610753025,74.77715092829754,75.6615929872919,76.99875646172562,74.42862626989891,1.0,0.0,0.0,0.0,0.0,0.0,0.0,24.0,0.0,5.528142767831612,5.71419553867352,6.3882415111383395,-0.23008818588025814,True
2021-01,CSiOPKW1OQP,74.61612565323043,110.73583445268021,102.24632219163215,85.42010888423667,57.42071238404641,84.39053101276346,20.09837296625249,19.95765559325807,68.4252044741165,70.89870130617697,70.02288596687004,65.47594444750624,0.0,1.0,0.0,0.0,0.0,0.0,0.4999999999999999,4.0,12.642900000000001,0.852989900621872,,0.4507125450640418,0.981006668324641,False
2021-01,EritxSJ4SVG,52.76056037873289,92.61924146332433,83.38251946401626,75.9618639202535,64.40335911284345,84.67755998726861,21.793037869395988,21.48513554937597,66.64916347769994,70.1398264869028,68.37431532126467,63.9106000999245,0.0,0.0,1.0,0.0,0.0,0.0,0.2499999999999999,8.0,2.0,6.120896853295817,6.069862168714202,6.847564460349341,0.36150501018563563,True
2021-01,Fczy0xwaJSy,330.252839250649,386.5446227998526,394.16389974896134,346.06857180005477,433.4601098788739,370.78444619940836,13.46245516569277,13.346468428555415,78.85802342288252,81.51719375632823,82.08363106712217,79.21279292205621,0.0,0.0,0.0,1.0,0.0,0.0,0.0,24.0,0.0,1.0334692447089664,1.9077360813659565,1.6304744732112266,,False
2021-01,Gu5PQzqP3oc,190.62937758989926,336.41335266009366,248.22290923592413,208.17064236451773,215.83576493228466,230.66019566359674,18.638063395677634,18.674017262446114,73.77344004353192,74.92670209804764,75.10222075101515,73.10951131678584,0.0,0.0,0.0,0.0,1.0,0.0,0.0,24.0,0.0,5.854264442937679,5.986656966444159,6.370854859030406,0.44195146772210503,True
2021-02,BzhJzdAGARk,172.48683283403238,212.53219562605938,222.52892813996144,272.8370346261762,231.57873434619216,188.01839576946102,15.798474344254657,15.898849348735753,76.01564803481703,74.77715092829754,75.6615929872919,76.99875646172562,1.0,0.0,0.0,0.0,0.0,0.0,0.0,24.0,0.0,5.298054581951354,5.528142767831612,5.71419553867352,0.517494977909565,True
2021-02,CSiOPKW1OQP,116.62474034686119,74.61612565323043,110.73583445268021,102.24632219163215,85.42010888423667,57.42071238404641,19.601221205242336,20.09837296625249,73.89792272127062,68.4252044741165,70.89870130617697,70.02288596687004,0.0,1.0,0.0,0.0,0.0,0.0,0.42044820762685714,5.0,12.642900000000001,1.833996568946513,0.852989900621872,,,False
2021-02,EritxSJ4SVG,94.98238870230838,52.76056037873289,92.61924146332433,83.38251946401626,75.9618639202535,64.40335911284345,21.46533532124639,21.793037869395988,70.1666057161064,66.64916347769994,70.1398264869028,68.37431532126467,0.0,0.0,1.0,0.0,0.0,0.0,0.21022410381342854,9.0,2.0,6.610494597354606,6.120896853295817,6.069862168714202,0.026020529293754535,True
2021-02,Fczy0xwaJSy,351.0811533031071,330.252839250649,386.5446227998526,394.16389974896134,346.06857180005477,433.4601098788739,13.212805180344963,13.46245516569277,82.39903625239602,78.85802342288252,81.51719375632823,82.08363106712217,0.0,0.0,0.0,1.0,0.0,0.0,0.0,24.0,0.0,,1.0334692447089664,1.9077360813659565,-0.0963729111239644,False
2021-02,Gu5PQzqP3oc,250.88606840881286,190.62937758989926,336.41335266009366,248.22290923592413,208.17064236451773,215.83576493228466,18.42759097006816,18.638063395677634,76.03489320766573,73.77344004353192,74.92670209804764,75.10222075101515,0.0,0.0,0.0,0.0,1.0,0.0,0.0,24.0,0.0,6.434543829904198,5.854264442937679,5.986656966444159,-0.3938681172759715,True
2021-03,BzhJzdAGARk,143.8000288400105,172.48683283403238,212.53219562605938,222.52892813996144,272.8370346261762,231.57873434619216,16.1137600631138,15.798474344254657,73.60118152372515,76.01564803481703,74.77715092829754,75.6615929872919,1.0,0.0,0.0,0.0,0.0,0.0,0.0,24.0,0.0,5.815549559860919,5.298054581951354,5.528142767831612,0.3068689974356147,True
2021-03,CSiOPKW1OQP,56.05971892938346,116.62474034686119,74.61612565323043,110.73583445268021,102.24632219163215,85.42010888423667,20.071362537165715,19.601221205242336,69.662869768479,73.89792272127062,68.4252044741165,70.89870130617697,0.0,1.0,0.0,0.0,0.0,0.0,0.3535533905932736,6.0,12.642900000000001,,1.833996568946513,0.852989900621872,-0.021110171210801276,False
2021-03,EritxSJ4SVG,68.74701613919112,94.98238870230838,52.76056037873289,92.61924146332433,83.38251946401626,75.9618639202535,21.52339866082855,21.46533532124639,68.77501918852036,70.1666057161064,66.64916347769994,70.1398264869028,0.0,0.0,1.0,0.0,0.0,1.0,1.0,0.0,3.0,6.586452363214462,6.610494597354606,6.120896853295817,0.18256610386783656,True
2021-03,Fczy0xwaJSy,264.5045939511069,351.0811533031071,330.252839250649,386.5446227998526,394.16389974896134,346.06857180005477,13.480399182089473,13.212805180344963,77.09813734234213,82.39903625239602,78.85802342288252,81.51719375632823,0.0,0.0,0.0,1.0,0.0,0.0,0.0,24.0,0.0,1.5282797102621015,,1.0334692447089664,0.17604588423187129,False
2021-03,Gu5PQzqP3oc,242.44822313857316,250.88606840881286,190.62937758989926,336.41335266009366,248.22290923592413,208.17064236451773,18.83628571885629,18.42759097006816,72.17595960704996,76.03489320766573,73.77344004353192,74.92670209804764,0.0,0.0,0.0,0.0,1.0,0.0,0.0,24.0,0.0,6.212400661914316,6.434543829904198,5.854264442937679,0.36136763540278327,True
2021-04,BzhJzdAGARk,154.33169614044948,143.8000288400105,172.48683283403238,212.53219562605938,222.52892813996144,272.8370346261762,15.823239137733692,16.1137600631138,74.59495551278361,73.60118152372515,76.01564803481703,74.77715092829754,1.0,0.0,0.0,0.0,0.0,0.0,0.0,24.0,0.0,6.122418557296534,5.815549559860919,5.298054581951354,0.2741973942504581,True
2021-04,CSiOPKW1OQP,48.85321626872526,56.05971892938346,116.62474034686119,74.61612565323043,110.73583445268021,102.24632219163215,20.18964324019769,20.071362537165715,66.29148339887885,69.662869768479,73.89792272127062,68.4252044741165,0.0,1.0,0.0,0.0,0.0,0.0,0.29730177875068015,7.0,12.642900000000001,1.7917762265249104,,1.833996568946513,-0.08715122040122925,False
2021-04,EritxSJ4SVG,58.034836100515214,68.74701613919112,94.98238870230838,52.76056037873289,92.61924146332433,83.38251946401626,21.908838464285004,21.52339866082855,63.74929359683387,68.77501918852036,70.1666057161064,66.64916347769994,0.0,0.0,1.0,0.0,0.0,0.0,0.8408964152537145,1.0,3.0,6.710564568809885,6.586452363214462,6.610494597354606,-0.32584469230545743,True
2021-04,Fczy0xwaJSy,211.1258623648254,264.5045939511069,351.0811533031071,330.252839250649,386.5446227998526,394.16389974896134,13.184589292453493,13.480399182089473,80.77221981587488,77.09813734234213,82.39903625239602,78.85802342288252,0.0,0.0,0.0,1.0,0.0,0.0,0.0,24.0,0.0,1.6637752044804,1.5282797102621015,,0.5070877641909648,False
2021-04,Gu5PQzqP3oc,233.7977543260727,242.44822313857316,250.88606840881286,190.62937758989926,336.41335266009366,248.22290923592413,18.41561098653967,18.83628571885629,74.3932965912532,72.17595960704996,76.03489320766573,73.77344004353192,0.0,0.0,0.0,0.0,1.0,0.0,0.0,24.0,0.0,6.535361615677409,6.212400661914316,6.434543829904198,0.41392304022875237,True
2021-05,BzhJzdAGARk,104.1261334396694,154.33169614044948,143.8000288400105,172.48683283403238,212.53219562605938,222.52892813996144,15.595258063111705,15.823239137733692,76.31607869725697,74.59495551278361,73.60118152372515,76.01564803481703,1.0,0.0,0.0,0.0,0.0,0.0,0.0,24.0,0.0,6.396615951546992,6.122418557296534,5.815549559860919,-0.23902501422549172,True
2021-05,CSiOPKW1OQP,6.057216021480613,48.85321626872526,56.05971892938346,116.62474034686119,74.61612565323043,110.73583445268021,20.117126150284502,20.18964324019769,67.96560423256743,66.29148339887885,69.662869768479,73.89792272127062,0.0,1.0,0.0,0.0,0.0,0.0,0.2499999999999999,8.0,12.642900000000001,1.7046250061236812,1.7917762265249104,,1.138720948788813,False
2021-05,EritxSJ4SVG,-0.11396007187869373,58.034836100515214,68.74701613919112,94.98238870230838,52.76056037873289,92.61924146332433,21.606941608211933,21.908838464285004,67.05351258417599,63.74929359683387,68.77501918852036,70.1666057161064,0.0,0.0,1.0,0.0,0.0,0.0,0.7071067811865475,2.0,3.0,6.3497585806525665,6.710564568809885,6.586452363214462,-0.5421270165997321,True
2021-05,Fczy0xwaJSy,193.1061141675625,211.1258623648254,264.5045939511069,351.0811533031071,330.252839250649,386.5446227998526,13.286365514354404,13.184589292453493,80.51276405109859,80.77221981587488,77.09813734234213,82.39903625239602,0.0,0.0,0.0,1.0,0.0,0.0,0.0,24.0,0.0,2.1498818427632784,1.6637752044804,1.5282797102621015,-0.21451056643712607,True
2021-05,Gu5PQzqP3oc,118.0553377386355,233.7977543260727,242.44822313857316,250.88606840881286,190.62937758989926,336.41335266009366,18.300917999979866,18.41561098653967,75.17879567027529,74.3932965912532,72.17595960704996,76.03489320766573,0.0,0.0,0.0,0.0,1.0,0.0,0.0,24.0,0.0,6.86105618672373,6.535361615677409,6.212400661914316,0.12188249525620076,True
2021-06,BzhJzdAGARk,256.8345087659644,104.1261334396694,154.33169614044948,143.8000288400105,172.48683283403238,212.53219562605938,15.851267991376126,15.595258063111705,76.67763421684292,76.31607869725697,74.59495551278361,73.60118152372515,1.0,0.0,0.0,0.0,0.0,0.0,0.0,24.0,0.0,6.1575909373215,6.396615951546992,6.122418557296534,0.12019650627093004,True
2021-06,CSiOPKW1OQP,124.76578718108284,6.057216021480613,48.85321626872526,56.05971892938346,116.62474034686119,74.61612565323043,20.095307009161765,20.117126150284502,69.2468454574804,67.96560423256743,66.29148339887885,69.662869768479,0.0,1.0,0.0,0.0,0.0,0.0,0.21022410381342854,9.0,12.642900000000001,2.843345954912494,1.7046250061236812,1.7917762265249104,0.14233591472994744,True
2021-06,EritxSJ4SVG,140.03564186226572,-0.11396007187869373,58.034836100515214,68.74701613919112,94.98238870230838,52.76056037873289,21.396390939487176,21.606941608211933,69.01404134478962,67.05351258417599,63.74929359683387,68.77501918852036,0.0,0.0,1.0,0.0,0.0,0.0,0.5946035575013604,3.0,3.0,5.835806508484256,6.3497585806525665,6.710564568809885,0.06133088039036405,True
2021-06,Fczy0xwaJSy,354.8560391869679,193.1061141675625,211.1258623648254,264.5045939511069,351.0811533031071,330.252839250649,13.36254225598378,13.286365514354404,80.89102632897139,80.51276405109859,80.77221981587488,77.09813734234213,0.0,0.0,0.0,1.0,0.0,0.0,0.0,24.0,0.0,1.769843096058819,2.1498818427632784,1.6637752044804,0.35630021508359655,True
2021-06,Gu5PQzqP3oc,282.2478964862826,118.0553377386355,233.7977543260727,242.44822313857316,250.88606840881286,190.62937758989926,18.41572061180243,18.300917999979866,75.9179309624879,75.17879567027529,74.3932965912532,72.17595960704996,0.0,0.0,0.0,0.0,1.0,0.0,0.0,24.0,0.0,6.875035649891424,6.86105618672373,6.535361615677409,-0.4018773284801309,True
2021-07,BzhJzdAGARk,195.82906831848237,256.8345087659644,104.1261334396694,154.33169614044948,143.8000288400105,172.48683283403238,15.907386883674407,15.851267991376126,73.41197694706003,76.67763421684292,76.31607869725697,74.59495551278361,1.0,0.0,0.0,0.0,0.0,0.0,0.0,24.0,0.0,6.27778744359243,6.1575909373215,6.396615951546992,0.004479089620384791,True
2021-07,CSiOPKW1OQP,81.01349658127602,124.76578718108284,6.057216021480613,48.85321626872526,56.05971892938346,116.62474034686119,20.35465102491014,20.095307009161765,65.55425642943166,69.2468454574804,67.96560423256743,66.29148339887885,0.0,1.0,0.0,0.0,0.0,0.0,0.17677669529663678,10.0,12.642900000000001,2.9856818696424416,2.843345954912494,1.7046250061236812,0.7981678121506093,True
2021-07,EritxSJ4SVG,82.3374839663506,140.03564186226572,-0.11396007187869373,58.034836100515214,68.74701613919112,94.98238870230838,21.736672656370857,21.396390939487176,65.67764760328127,69.01404134478962,67.05351258417599,63.74929359683387,0.0,0.0,1.0,0.0,0.0,0.0,0.4999999999999999,4.0,3.0,6.03810306120702,5.835806508484256,6.3497585806525665,-0.8638271887059705,True
2021-07,Fczy0xwaJSy,295.20149896908055,354.8560391869679,193.1061141675625,211.1258623648254,264.5045939511069,351.0811533031071,13.37210075844991,13.36254225598378,77.63145266201393,80.89102632897139,80.51276405109859,80.77221981587488,0.0,0.0,0.0,1.0,0.0,0.0,0.0,24.0,0.0,2.094714968620776,1.769843096058819,2.1498818427632784,0.3690084367833677,True
2021-07,Gu5PQzqP3oc,225.28448336079242,282.2478964862826,118.0553377386355,233.7977543260727,242.44822313857316,250.88606840881286,18.67568595235047,18.41572061180243,71.82875869950803,75.9179309624879,75.17879567027529,74.3932965912532,0.0,0.0,0.0,0.0,1.0,0.0,0.0,24.0,0.0,6.354317744337519,6.875035649891424,6.86105618672373,-0.2100063134703518,True
2021-08,BzhJzdAGARk,198.59608664533113,195.82906831848237,256.8345087659644,104.1261334396694,154.33169614044948,143.8000288400105,15.963237067116625,15.907386883674407,73.87330767071484,73.41197694706003,76.67763421684292,76.31607869725697,1.0,0.0,0.0,0.0,0.0,0.0,0.0,24.0,0.0,6.282266533212815,6.27778744359243,6.1575909373215,0.493506973449489,True
2021-08,CSiOPKW1OQP,88.4016420476884,81.01349658127602,124.76578718108284,6.057216021480613,48.85321626872526,56.05971892938346,20.517847802001,20.35465102491014,64.6708319467631,65.55425642943166,69.2468454574804,67.96560423256743,0.0,1.0,0.0,0.0,0.0,0.0,0.14865088937534005,11.0,12.642900000000001,3.783849681793051,2.9856818696424416,2.843345954912494,0.16722307668138514,True
2021-08,EritxSJ4SVG,91.37711684376737,82.3374839663506,140.03564186226572,-0.11396007187869373,58.034836100515214,68.74701613919112,21.6664852192738,21.736672656370857,65.30408403059982,65.67764760328127,69.01404134478962,67.05351258417599,0.0,0.0,1.0,0.0,0.0,0.0,0.42044820762685714,5.0,3.0,5.244855715711745,6.03810306120702,5.835806508484256,-0.03900745994180621,True
2021-08,Fczy0xwaJSy,328.89249208907245,295.20149896908055,354.8560391869679,193.1061141675625,211.1258623648254,264.5045939511069,13.486966077719156,13.37210075844991,79.33733404960807,77.63145266201393,80.89102632897139,80.51276405109859,0.0,0.0,0.0,1.0,0.0,0.0,0.0,24.0,0.0,2.5395696508904777,2.094714968620776,1.769843096058819,0.16430638520418395,True
2021-08,Gu5PQzqP3oc,237.4315925732081,225.28448336079242,282.2478964862826,118.0553377386355,233.7977543260727,242.44822313857316,18.613464096472473,18.67568595235047,74.0752059864335,71.82875869950803,75.9179309624879,75.17879567027529,0.0,0.0,0.0,0.0,1.0,0.0,0.0,24.0,0.0,6.049061510479744,6.354317744337519,6.875035649891424,0.3735864743837647,True
2021-09,BzhJzdAGARk,220.9149062759364,198.59608664533113,195.82906831848237,256.8345087659644,104.1261334396694,154.33169614044948,15.854116383230949,15.963237067116625,75.88443585902031,73.87330767071484,73.41197694706003,76.67763421684292,1.0,0.0,0.0,0.0,0.0,0.0,0.0,24.0,0.0,6.775773506662304,6.282266533212815,6.27778744359243,-0.49884015087867795,True
2021-09,CSiOPKW1OQP,107.02894214598571,88.4016420476884,81.01349658127602,124.76578718108284,6.057216021480613,48.85321626872526,20.12807992535116,20.517847802001,67.71199996143602,64.6708319467631,65.55425642943166,69.2468454574804,0.0,1.0,0.0,0.0,0.0,1.0,1.0,0.0,13.642900000000001,3.951072758474436,3.783849681793051,2.9856818696424416,-0.08603124726551359,True
2021-09,EritxSJ4SVG,93.07764798307753,91.37711684376737,82.3374839663506,140.03564186226572,-0.11396007187869373,58.034836100515214,21.527526219285768,21.6664852192738,67.65717056215634,65.30408403059982,65.67764760328127,69.01404134478962,0.0,0.0,1.0,0.0,0.0,0.0,0.3535533905932736,6.0,3.0,5.343705557534558,5.244855715711745,6.03810306120702,-0.1626014202216428,True
2021-09,Fczy0xwaJSy,368.8786214138912,328.89249208907245,295.20149896908055,354.8560391869679,193.1061141675625,211.1258623648254,13.347949371926022,13.486966077719156,81.04996085429819,79.33733404960807,77.63145266201393,80.89102632897139,0.0,0.0,0.0,1.0,0.0,0.0,0.0,24.0,0.0,2.457385675256001,2.5395696508904777,2.094714968620776,-0.2556875627290791,True
2021-09,Gu5PQzqP3oc,267.7850195425784,237.4315925732081,225.28448336079242,282.2478964862826,118.0553377386355,233.7977543260727,18.35409101463843,18.613464096472473,76.17211023633801,74.0752059864335,71.82875869950803,75.9179309624879,0.0,0.0,0.0,0.0,1.0,0.0,0.0,24.0,0.0,6.479746170617852,6.049061510479744,6.354317744337519,-0.17994685395989407,True
2021-10,BzhJzdAGARk,211.26272728761646,220.9149062759364,198.59608664533113,195.82906831848237,256.8345087659644,104.1261334396694,15.958808270515858,15.854116383230949,75.5280915269205,75.88443585902031,73.87330767071484,73.41197694706003,1.0,0.0,0.0,0.0,0.0,0.0,0.0,24.0,0.0,6.276933355783626,6.775773506662304,6.282266533212815,-0.10133743785963922,True
2021-10,CSiOPKW1OQP,106.91362638501101,107.02894214598571,88.4016420476884,81.01349658127602,124.76578718108284,6.057216021480613,20.127096598525156,20.12807992535116,69.79395368931594,67.71199996143602,64.6708319467631,65.55425642943166,0.0,1.0,0.0,0.0,0.0,0.0,0.8408964152537145,1.0,13.642900000000001,3.8650415112089225,3.951072758474436,3.783849681793051,-0.925051693011234,True
2021-10,EritxSJ4SVG,106.81539453998354,93.07764798307753,91.37711684376737,82.3374839663506,140.03564186226572,-0.11396007187869373,21.61805097962826,21.527526219285768,68.76769037893253,67.65717056215634,65.30408403059982,65.67764760328127,0.0,0.0,1.0,0.0,0.0,1.0,1.0,0.0,4.0,5.316838084085081,5.343705557534558,5.244855715711745,-0.6599027871403331,True
2021-10,Fczy0xwaJSy,390.41221138298266,368.8786214138912,328.89249208907245,295.20149896908055,354.8560391869679,193.1061141675625,13.351757192428929,13.347949371926022,81.06857894120091,81.04996085429819,79.33733404960807,77.63145266201393,0.0,0.0,0.0,1.0,0.0,0.0,0.0,24.0,0.0,1.9989519043866795,2.457385675256001,2.5395696508904777,0.37402145690407584,True
2021-10,Gu5PQzqP3oc,354.5738951968492,267.7850195425784,237.4315925732081,225.28448336079242,282.2478964862826,118.0553377386355,18.492034100628025,18.35409101463843,76.00584262346011,76.17211023633801,74.0752059864335,71.82875869950803,0.0,0.0,0.0,0.0,1.0,0.0,0.0,24.0,0.0,6.514607346635996,6.479746170617852,6.049061510479744,-0.3998884590049743,True
2021-11,BzhJzdAGARk,204.28079637811638,211.26272728761646,220.9149062759364,198.59608664533113,195.82906831848237,256.8345087659644,16.236129273054544,15.958808270515858,75.8039182198675,75.5280915269205,75.88443585902031,73.87330767071484,1.0,0.0,0.0,0.0,0.0,0.0,0.0,24.0,0.0,6.175595917923987,6.276933355783626,6.775773506662304,-0.018563729814648156,True
2021-11,CSiOPKW1OQP,49.14095455749947,106.91362638501101,107.02894214598571,88.4016420476884,81.01349658127602,124.76578718108284,20.979098166595115,20.127096598525156,65.45301129438509,69.79395368931594,67.71199996143602,64.6708319467631,0.0,1.0,0.0,0.0,0.0,0.0,0.7071067811865475,2.0,13.642900000000001,2.9399898181976885,3.8650415112089225,3.951072758474436,-0.059612132585896926,True
2021-11,EritxSJ4SVG,55.53592846587246,106.81539453998354,93.07764798307753,91.37711684376737,82.3374839663506,140.03564186226572,22.411742933284668,21.61805097962826,64.67957600995206,68.76769037893253,67.65717056215634,65.30408403059982,0.0,0.0,1.0,0.0,0.0,0.0,0.8408964152537145,1.0,4.0,4.690439450141755,5.316838084085081,5.343705557534558,-0.24640187065992247,True
2021-11,Fczy0xwaJSy,479.8090695827439,390.41221138298266,368.8786214138912,328.89249208907245,295.20149896908055,354.8560391869679,13.64112312024745,13.351757192428929,80.98307493484545,81.06857894120091,81.04996085429819,79.33733404960807,0.0,0.0,0.0,1.0,0.0,0.0,0.0,24.0,0.0,2.5161947100491906,1.9989519043866795,2.457385675256001,0.270026075625621,True
2021-11,Gu5PQzqP3oc,299.99579076625093,354.5738951968492,267.7850195425784,237.4315925732081,225.28448336079242,282.2478964862826,18.750772729705538,18.492034100628025,75.2692059677147,76.00584262346011,76.17211023633801,74.0752059864335,0.0,0.0,0.0,0.0,1.0,0.0,0.0,24.0,0.0,6.22393391472641,6.514607346635996,6.479746170617852,0.0412131258244024,True
2021-12,BzhJzdAGARk,123.63267859162121,204.28079637811638,211.26272728761646,220.9149062759364,198.59608664533113,195.82906831848237,16.400518559786583,16.236129273054544,71.3837487977953,75.8039182198675,75.5280915269205,75.88443585902031,1.0,0.0,0.0,0.0,0.0,0.0,0.0,24.0,0.0,6.157032188109339,6.175595917923987,6.276933355783626,0.3068433822911647,True
2021-12,CSiOPKW1OQP,8.525419836595503,49.14095455749947,106.91362638501101,107.02894214598571,88.4016420476884,81.01349658127602,21.034598421276076,20.979098166595115,61.95180250752337,65.45301129438509,69.79395368931594,67.71199996143602,0.0,1.0,0.0,0.0,0.0,0.0,0.5946035575013604,3.0,13.642900000000001,2.8803776856117915,2.9399898181976885,3.8650415112089225,-0.6723342947492523,True
2021-12,EritxSJ4SVG,19.93026491455018,55.53592846587246,106.81539453998354,93.07764798307753,91.37711684376737,82.3374839663506,22.570967965325412,22.411742933284668,60.438672050332556,64.67957600995206,68.76769037893253,67.65717056215634,0.0,0.0,1.0,0.0,0.0,0.0,0.7071067811865475,2.0,4.0,4.580652686231842,4.690439450141755,5.316838084085081,0.011582515254799475,True
2021-12,Fczy0xwaJSy,184.05359693094192,479.8090695827439,390.41221138298266,368.8786214138912,328.89249208907245,295.20149896908055,13.692768959804985,13.64112312024745,76.50424338540377,80.98307493484545,81.06857894120091,81.04996085429819,0.0,0.0,0.0,1.0,0.0,0.0,0.0,24.0,0.0,2.7973864444084535,2.5161947100491906,1.9989519043866795,0.04174261974639126,True
2021-12,Gu5PQzqP3oc,205.2519303228049,299.99579076625093,354.5738951968492,267.7850195425784,237.4315925732081,225.28448336079242,19.033860187513326,18.750772729705538,71.74868355093582,75.2692059677147,76.00584262346011,76.17211023633801,0.0,0.0,0.0,0.0,1.0,0.0,0.0,24.0,0.0,6.210900796602518,6.22393391472641,6.514607346635996,0.1939061671357445,True
2022-01,BzhJzdAGARk,87.61297192706265,123.63267859162121,204.28079637811638,211.26272728761646,220.9149062759364,198.59608664533113,16.454553146195,16.400518559786583,73.14464853667107,71.3837487977953,75.8039182198675,75.5280915269205,1.0,0.0,0.0,0.0,0.0,0.0,0.0,24.0,0.0,6.4638755704005035,6.157032188109339,6.175595917923987,0.26017831463186436,True
2022-01,CSiOPKW1OQP,66.7017615344768,8.525419836595503,49.14095455749947,106.91362638501101,107.02894214598571,88.4016420476884,20.659082025245375,21.034598421276076,67.18242831282375,61.95180250752337,65.45301129438509,69.79395368931594,0.0,1.0,0.0,0.0,0.0,0.0,0.4999999999999999,4.0,13.642900000000001,2.208043390862539,2.8803776856117915,2.9399898181976885,0.3126317129953522,True
2022-01,EritxSJ4SVG,73.73282575387778,19.93026491455018,55.53592846587246,106.81539453998354,93.07764798307753,91.37711684376737,22.349403060706926,22.570967965325412,64.89318205233751,60.438672050332556,64.67957600995206,68.76769037893253,0.0,0.0,1.0,0.0,0.0,0.0,0.5946035575013604,3.0,4.0,4.732792023055106,4.580652686231842,4.690439450141755,-0.20263570052855417,True
2022-01,Fczy0xwaJSy,254.5716780340989,184.05359693094192,479.8090695827439,390.41221138298266,368.8786214138912,328.89249208907245,13.687653045788002,13.692768959804985,80.48896102697343,76.50424338540377,80.98307493484545,81.06857894120091,0.0,0.0,0.0,1.0,0.0,0.0,0.0,24.0,0.0,2.5283910367512843,2.7973864444084535,2.5161947100491906,0.2434212641489215,True
2022-01,Gu5PQzqP3oc,102.59022956239143,205.2519303228049,299.99579076625093,354.5738951968492,267.7850195425784,237.4315925732081,19.16412646785685,19.033860187513326,72.39590922829503,71.74868355093582,75.2692059677147,76.00584262346011,0.0,0.0,0.0,0.0,1.0,0.0,0.0,24.0,0.0,6.330307022828393,6.210900796602518,6.22393391472641,-0.07239378138285613,True
2022-02,BzhJzdAGARk,92.62968871473858,87.61297192706265,123.63267859162121,204.28079637811638,211.26272728761646,220.9149062759364,16.203311679364948,16.454553146195,72.76566608936834,73.14464853667107,71.3837487977953,75.8039182198675,1.0,0.0,0.0,0.0,0.0,0.0,0.0,24.0,0.0,6.724053885032368,6.4638755704005035,6.157032188109339,-0.16597815459003762,True
2022-02,CSiOPKW1OQP,73.48921969634598,66.7017615344768,8.525419836595503,49.14095455749947,106.91362638501101,107.02894214598571,20.45427620029562,20.659082025245375,65.64017231725542,67.18242831282375,61.95180250752337,65.45301129438509,0.0,1.0,0.0,0.0,0.0,0.0,0.42044820762685714,5.0,13.642900000000001,2.5206751038578914,2.208043390862539,2.8803776856117915,0.477764753578672,True
2022-02,EritxSJ4SVG,73.22162618092915,73.73282575387778,19.93026491455018,55.53592846587246,106.81539453998354,93.07764798307753,21.911383398969345,22.349403060706926,64.11628787161597,64.89318205233751,60.438672050332556,64.67957600995206,0.0,0.0,1.0,0.0,0.0,0.0,0.4999999999999999,4.0,4.0,4.565008582051425,4.732792023055106,4.580652686231842,0.2593336215875972,True
2022-02,Fczy0xwaJSy,267.26077297789,254.5716780340989,184.05359693094192,479.8090695827439,390.41221138298266,368.8786214138912,13.526757015962469,13.687653045788002,78.5609314288747,80.48896102697343,76.50424338540377,80.98307493484545,0.0,0.0,0.0,1.0,0.0,0.0,0.0,24.0,0.0,2.692505460725875,2.5283910367512843,2.7973864444084535,0.25784680312659525,True
2022-02,Gu5PQzqP3oc,224.7626337383113,102.59022956239143,205.2519303228049,299.99579076625093,354.5738951968492,267.7850195425784,18.754522724709535,19.16412646785685,73.74541489906827,72.39590922829503,71.74868355093582,75.2692059677147,0.0,0.0,0.0,0.0,1.0,0.0,0.0,24.0,0.0,6.2258131948423285,6.330307022828393,6.210900796602518,-0.3923461883578465,True
2022-03,BzhJzdAGARk,365.7509735878176,92.62968871473858,87.61297192706265,123.63267859162121,204.28079637811638,211.26272728761646,15.275524406339674,16.203311679364948,78.80219589347193,72.76566608936834,73.14464853667107,71.3837487977953,1.0,0.0,0.0,0.0,0.0,0.0,0.0,24.0,0.0,6.55807573044233,6.724053885032368,6.4638755704005035,0.21980243360996266,True
2022-03,CSiOPKW1OQP,98.19289104876096,73.48921969634598,66.7017615344768,8.525419836595503,49.14095455749947,106.91362638501101,19.85272764986156,20.45427620029562,70.99271277700814,65.64017231725542,67.18242831282375,61.95180250752337,0.0,1.0,0.0,0.0,0.0,0.0,0.3535533905932736,6.0,13.642900000000001,2.9984398574365634,2.5206751038578914,2.208043390862539,-0.13300772127320037,True
2022-03,EritxSJ4SVG,93.5805614309327,73.22162618092915,73.73282575387778,19.93026491455018,55.53592846587246,106.81539453998354,20.810783773960235,21.911383398969345,72.64104834427576,64.11628787161597,64.89318205233751,60.438672050332556,0.0,0.0,1.0,0.0,0.0,0.0,0.42044820762685714,5.0,4.0,4.8570997361789034,4.565008582051425,4.732792023055106,-0.4085578021213099,True
2022-03,Fczy0xwaJSy,220.04570602597795,267.26077297789,254.5716780340989,184.05359693094192,479.8090695827439,390.41221138298266,13.067952223161052,13.526757015962469,81.00881965043132,78.5609314288747,80.48896102697343,76.50424338540377,0.0,0.0,0.0,1.0,0.0,0.0,0.0,24.0,0.0,2.9526653819600623,2.692505460725875,2.5283910367512843,-0.08625583728945774,True
2022-03,Gu5PQzqP3oc,251.08375723121156,224.7626337383113,102.59022956239143,205.2519303228049,299.99579076625093,354.5738951968492,18.0375676816998,18.754522724709535,75.63721824518683,73.74541489906827,72.39590922829503,71.74868355093582,0.0,0.0,0.0,0.0,1.0,0.0,0.0,24.0,0.0,5.817909347706547,6.2258131948423285,6.330307022828393,0.1707921099285148,True
2022-04,BzhJzdAGARk,168.68228590405232,365.7509735878176,92.62968871473858,87.61297192706265,123.63267859162121,204.28079637811638,16.09755686536163,15.275524406339674,74.44690711425503,78.80219589347193,72.76566608936834,73.14464853667107,1.0,0.0,0.0,0.0,0.0,0.0,0.0,24.0,0.0,6.777878164052293,6.55807573044233,6.724053885032368,0.21935439214445296,True
2022-04,CSiOPKW1OQP,35.50895499698867,98.19289104876096,73.48921969634598,66.7017615344768,8.525419836595503,49.14095455749947,20.765416233786244,19.85272764986156,63.25249174893577,70.99271277700814,65.64017231725542,67.18242831282375,0.0,1.0,0.0,0.0,0.0,0.0,0.29730177875068015,7.0,13.642900000000001,2.865432136163363,2.9984398574365634,2.5206751038578914,0.1746911838065892,True
2022-04,EritxSJ4SVG,30.36384697929838,93.5805614309327,73.22162618092915,73.73282575387778,19.93026491455018,55.53592846587246,22.0864622594173,20.810783773960235,64.22126411473593,72.64104834427576,64.11628787161597,64.89318205233751,0.0,0.0,1.0,0.0,0.0,0.0,0.3535533905932736,6.0,4.0,4.434686443839775,4.8570997361789034,4.565008582051425,-0.18272340302414136,True
2022-04,Fczy0xwaJSy,184.7459632024953,220.04570602597795,267.26077297789,254.5716780340989,184.05359693094192,479.8090695827439,13.472843235687868,13.067952223161052,78.31996900049847,81.00881965043132,78.5609314288747,80.48896102697343,0.0,0.0,0.0,1.0,0.0,0.0,0.0,24.0,0.0,2.657789786488063,2.9526653819600623,2.692505460725875,-0.6119113592550682,True
2022-04,Gu5PQzqP3oc,128.59639529104209,251.08375723121156,224.7626337383113,102.59022956239143,205.2519303228049,299.99579076625093,18.710675421428157,18.0375676816998,74.36867474171977,75.63721824518683,73.74541489906827,72.39590922829503,0.0,0.0,0.0,0.0,1.0,0.0,0.0,24.0,0.0,5.984348236549273,5.817909347706547,6.2258131948423285,-0.16137757781777395,True
2022-05,BzhJzdAGARk,259.87979193925844,168.68228590405232,365.7509735878176,92.62968871473858,87.61297192706265,123.63267859162121,16.102765487194475,16.09755686536163,73.2073309832429,74.44690711425503,78.80219589347193,72.76566608936834,1.0,0.0,0.0,0.0,0.0,0.0,0.0,24.0,0.0,6.997232556196746,6.777878164052293,6.55807573044233,-0.27140626623489794,True
2022-05,CSiOPKW1OQP,55.78416171759221,35.50895499698867,98.19289104876096,73.48921969634598,66.7017615344768,8.525419836595503,20.544467030894012,20.765416233786244,64.94407989707007,63.25249174893577,70.99271277700814,65.64017231725542,0.0,1.0,0.0,0.0,0.0,0.0,0.2499999999999999,8.0,13.642900000000001,3.040123319969952,2.865432136163363,2.9984398574365634,-0.6027203685526272,True
2022-05,EritxSJ4SVG,32.76020852451592,30.36384697929838,93.5805614309327,73.22162618092915,73.73282575387778,19.93026491455018,22.242669644976377,22.0864622594173,62.33860685153667,64.22126411473593,72.64104834427576,64.11628787161597,0.0,0.0,1.0,0.0,0.0,0.0,0.29730177875068015,7.0,4.0,4.282743167658485,4.434686443839775,4.8570997361789034,-0.14060386327046537,True
2022-05,Fczy0xwaJSy,318.54786867695947,184.7459632024953,220.04570602597795,267.26077297789,254.5716780340989,184.05359693094192,13.283941718103323,13.472843235687868,79.16723369065798,78.31996900049847,81.00881965043132,78.5609314288747,0.0,0.0,0.0,1.0,0.0,0.0,0.0,24.0,0.0,1.9173783996958853,2.657789786488063,2.9526653819600623,0.04981617975851682,True
2022-05,Gu5PQzqP3oc,239.2291546637611,128.59639529104209,251.08375723121156,224.7626337383113,102.59022956239143,205.2519303228049,18.715059509307657,18.710675421428157,72.9936390999764,74.36867474171977,75.63721824518683,73.74541489906827,0.0,0.0,0.0,0.0,1.0,0.0,0.0,24.0,0.0,5.920339085090715,5.984348236549273,5.817909347706547,-0.15620883032217492,True
2022-06,BzhJzdAGARk,210.86695465753658,259.87979193925844,168.68228590405232,365.7509735878176,92.62968871473858,87.61297192706265,15.836861676269601,16.102765487194475,75.40541950710544,73.2073309832429,74.44690711425503,78.80219589347193,1.0,0.0,0.0,0.0,0.0,0.0,0.0,24.0,0.0,6.725826289961848,6.997232556196746,6.777878164052293,-0.8221922929925043,True
2022-06,CSiOPKW1OQP,96.06619209118787,55.78416171759221,35.50895499698867,98.19289104876096,73.48921969634598,66.7017615344768,20.09488060911624,20.544467030894012,68.10972014543538,64.94407989707007,63.25249174893577,70.99271277700814,0.0,1.0,0.0,0.0,0.0,0.0,0.21022410381342854,9.0,13.642900000000001,2.437402951417325,3.040123319969952,2.865432136163363,0.14843546950444253,True
2022-06,EritxSJ4SVG,91.61188809553424,32.76020852451592,30.36384697929838,93.5805614309327,73.22162618092915,73.73282575387778,21.586136450975236,22.242669644976377,66.77546104754649,62.33860685153667,64.22126411473593,72.64104834427576,0.0,0.0,1.0,0.0,0.0,0.0,0.2499999999999999,8.0,4.0,4.234295763403365,4.282743167658485,4.434686443839775,-0.09410461281731752,True
2022-06,Fczy0xwaJSy,404.52528795724123,318.54786867695947,184.7459632024953,220.04570602597795,267.26077297789,254.5716780340989,13.174509024007728,13.283941718103323,80.94989550503853,79.16723369065798,78.31996900049847,81.00881965043132,0.0,0.0,0.0,1.0,0.0,0.0,0.0,24.0,0.0,2.2464988929383254,1.9173783996958853,2.657789786488063,-0.5359585674308205,True
2022-06,Gu5PQzqP3oc,227.08668846542258,239.2291546637611,128.59639529104209,251.08375723121156,224.7626337383113,102.59022956239143,18.515083870073013,18.715059509307657,74.40060718492857,72.9936390999764,74.36867474171977,75.63721824518683,0.0,0.0,0.0,0.0,1.0,0.0,0.0,24.0,0.0,5.833563452127375,5.920339085090715,5.984348236549273,0.10253292804146508,True
2022-07,BzhJzdAGARk,186.7943885556383,210.86695465753658,259.87979193925844,168.68228590405232,365.7509735878176,92.62968871473858,15.512610199767096,15.836861676269601,73.71058584259339,75.40541950710544,73.2073309832429,74.44690711425503,1.0,0.0,0.0,0.0,0.0,0.0,0.0,24.0,0.0,5.903633996969344,6.725826289961848,6.997232556196746,0.021264683089981418,True
2022-07,CSiOPKW1OQP,85.3358742925724,96.06619209118787,55.78416171759221,35.50895499698867,98.19289104876096,73.48921969634598,19.58657689907869,20.09488060911624,67.61138112170981,68.10972014543538,64.94407989707007,63.25249174893577,0.0,1.0,0.0,0.0,0.0,0.0,0.17677669529663678,10.0,13.642900000000001,2.5858384209217675,2.437402951417325,3.040123319969952,0.38864976126624695,True
2022-07,EritxSJ4SVG,84.4488569047084,91.61188809553424,32.76020852451592,30.36384697929838,93.5805614309327,73.22162618092915,21.058629209131784,21.586136450975236,67.08719801357016,66.77546104754649,62.33860685153667,64.22126411473593,0.0,0.0,1.0,0.0,0.0,0.0,0.21022410381342854,9.0,4.0,4.1914290014477915,4.234295763403365,4.282743167658485,-0.3520960126299566,True
2022-07,Fczy0xwaJSy,282.53557240337,404.52528795724123,318.54786867695947,184.7459632024953,220.04570602597795,267.26077297789,12.97653477617897,13.174509024007728,77.92618842563765,80.94989550503853,79.16723369065798,78.31996900049847,0.0,0.0,0.0,1.0,0.0,0.0,0.0,24.0,0.0,1.8538580413245938,2.2464988929383254,1.9173783996958853,0.07245058901488588,True
2022-07,Gu5PQzqP3oc,223.65003020621276,227.08668846542258,239.2291546637611,128.59639529104209,251.08375723121156,224.7626337383113,18.190302283124105,18.515083870073013,73.01726954712541,74.40060718492857,72.9936390999764,74.36867474171977,0.0,0.0,0.0,0.0,1.0,0.0,0.0,24.0,0.0,5.951558281860574,5.833563452127375,5.920339085090715,-0.1393852906491606,True
2022-08,BzhJzdAGARk,247.4697688837144,186.7943885556383,210.86695465753658,259.87979193925844,168.68228590405232,365.7509735878176,15.84612213219475,15.512610199767096,73.7079926921375,73.71058584259339,75.40541950710544,73.2073309832429,1.0,0.0,0.0,0.0,0.0,0.0,0.0,24.0,0.0,5.924898680059325,5.903633996969344,6.725826289961848,0.00936917498244938,True
2022-08,CSiOPKW1OQP,112.60102102811433,85.3358742925724,96.06619209118787,55.78416171759221,35.50895499698867,98.19289104876096,20.220701289832157,19.58657689907869,64.3036334040328,67.61138112170981,68.10972014543538,64.94407989707007,0.0,1.0,0.0,0.0,0.0,0.0,0.14865088937534005,11.0,13.642900000000001,2.9744881821880145,2.5858384209217675,2.437402951417325,-1.3263674601185385,True
2022-08,EritxSJ4SVG,105.03692900388275,84.4488569047084,91.61188809553424,32.76020852451592,30.36384697929838,93.5805614309327,21.4574450183746,21.058629209131784,65.0962569933709,67.08719801357016,66.77546104754649,62.33860685153667,0.0,0.0,1.0,0.0,0.0,0.0,0.17677669529663678,10.0,4.0,3.8763621262891967,4.1914290014477915,4.234295763403365,-0.16933188986726444,True
2022-08,Fczy0xwaJSy,377.68422689129966,282.53557240337,404.52528795724123,318.54786867695947,184.7459632024953,220.04570602597795,13.484969160606562,12.97653477617897,76.44482296370957,77.92618842563765,80.94989550503853,79.16723369065798,0.0,0.0,0.0,1.0,0.0,0.0,0.0,24.0,0.0,1.9486382943263607,1.8538580413245938,2.2464988929383254,-0.34553489499520706,True
2022-08,Gu5PQzqP3oc,285.55001427149324,223.65003020621276,227.08668846542258,239.2291546637611,128.59639529104209,251.08375723121156,18.401356535777392,18.190302283124105,74.11655511767817,73.01726954712541,74.40060718492857,72.9936390999764,0.0,0.0,0.0,0.0,1.0,0.0,0.0,24.0,0.0,5.807989375014804,5.951558281860574,5.833563452127375,0.19374091689458162,True
2022-09,BzhJzdAGARk,299.4890999257533,247.4697688837144,186.7943885556383,210.86695465753658,259.87979193925844,168.68228590405232,15.355286677126973,15.84612213219475,79.85698380842577,73.7079926921375,73.71058584259339,75.40541950710544,1.0,0.0,0.0,0.0,0.0,0.0,0.0,24.0,0.0,5.9342678550417745,5.924898680059325,5.903633996969344,0.014145752086394126,True
2022-09,CSiOPKW1OQP,166.1098526691139,112.60102102811433,85.3358742925724,96.06619209118787,55.78416171759221,35.50895499698867,19.219963312924722,20.220701289832157,75.43136593827329,64.3036334040328,67.61138112170981,68.10972014543538,0.0,1.0,0.0,0.0,0.0,1.0,1.0,0.0,14.642900000000001,1.648120722069476,2.9744881821880145,2.5858384209217675,0.776916403307401,True
2022-09,EritxSJ4SVG,129.60019667453403,105.03692900388275,84.4488569047084,91.61188809553424,32.76020852451592,30.36384697929838,20.83114232042525,21.4574450183746,73.49996574381103,65.0962569933709,67.08719801357016,66.77546104754649,0.0,0.0,1.0,0.0,0.0,0.0,0.14865088937534005,11.0,4.0,3.781020274645804,3.8763621262891967,4.1914290014477915,-0.32087942466141595,True
2022-09,Fczy0xwaJSy,480.4853771392927,377.68422689129966,282.53557240337,404.52528795724123,318.54786867695947,184.7459632024953,13.040687907272766,13.484969160606562,83.54778095656081,76.44482296370957,77.92618842563765,80.94989550503853,0.0,0.0,0.0,1.0,0.0,0.0,0.0,24.0,0.0,1.726232321307318,1.9486382943263607,1.8538580413245938,0.4402589964161505,True
2022-09,Gu5PQzqP3oc,318.89905785038667,285.55001427149324,223.65003020621276,227.08668846542258,239.2291546637611,128.59639529104209,17.94568844821063,18.401356535777392,79.7327433971406,74.11655511767817,73.01726954712541,74.40060718492857,0.0,0.0,0.0,0.0,1.0,0.0,0.0,24.0,0.0,5.953584828784934,5.807989375014804,5.951558281860574,-0.019857206442353892,True
2022-10,BzhJzdAGARk,233.35634990069468,299.4890999257533,247.4697688837144,186.7943885556383,210.86695465753658,259.87979193925844,15.628482882403084,15.355286677126973,79.08755497646969,79.85698380842577,73.7079926921375,73.71058584259339,1.0,0.0,0.0,0.0,0.0,0.0,0.0,24.0,0.0,5.948413607128169,5.9342678550417745,5.924898680059325,-0.07470852425726537,True
2022-10,CSiOPKW1OQP,94.64162622487221,166.1098526691139,112.60102102811433,85.3358742925724,96.06619209118787,55.78416171759221,19.524078349020733,19.219963312924722,72.89732262519405,75.43136593827329,64.3036334040328,67.61138112170981,0.0,1.0,0.0,0.0,0.0,0.0,0.8408964152537145,1.0,14.642900000000001,2.425037125376877,1.648120722069476,2.9744881821880145,0.10061170628928906,True
2022-10,EritxSJ4SVG,81.11204896560832,129.60019667453403,105.03692900388275,84.4488569047084,91.61188809553424,32.76020852451592,21.315582429829476,20.83114232042525,70.24819454274824,73.49996574381103,65.0962569933709,67.08719801357016,0.0,0.0,1.0,0.0,0.0,1.0,1.0,0.0,5.0,3.5415801327238854,3.781020274645804,3.8763621262891967,-0.2256727786556887,True
2022-10,Fczy0xwaJSy,500.8490988726485,480.4853771392927,377.68422689129966,282.53557240337,404.52528795724123,318.54786867695947,13.019132584536308,13.040687907272766,83.70246305647554,83.54778095656081,76.44482296370957,77.92618842563765,0.0,0.0,0.0,1.0,0.0,0.0,0.0,24.0,0.0,2.27013765379509,1.726232321307318,1.9486382943263607,-0.8779244441699512,True
2022-10,Gu5PQzqP3oc,236.44280551651255,318.89905785038667,285.55001427149324,223.65003020621276,227.08668846542258,239.2291546637611,18.14663505988918,17.94568844821063,77.95032004916902,79.7327433971406,74.11655511767817,73.01726954712541,0.0,0.0,0.0,0.0,1.0,0.0,0.0,24.0,0.0,5.923808301468762,5.953584828784934,5.807989375014804,-0.028052160326148545,True
2022-11,BzhJzdAGARk,106.65088076699313,233.35634990069468,299.4890999257533,247.4697688837144,186.7943885556383,210.86695465753658,16.55565122470248,15.628482882403084,70.53134643266398,79.08755497646969,79.85698380842577,73.7079926921375,1.0,0.0,0.0,0.0,0.0,0.0,0.0,24.0,0.0,5.873705082870903,5.948413607128169,5.9342678550417745,0.06979703119410896,True
2022-11,CSiOPKW1OQP,36.373735667544125,94.64162622487221,166.1098526691139,112.60102102811433,85.3358742925724,96.06619209118787,20.76675432155339,19.524078349020733,62.4220233479635,72.89732262519405,75.43136593827329,64.3036334040328,0.0,1.0,0.0,0.0,0.0,0.0,0.7071067811865475,2.0,14.642900000000001,2.525648831666166,2.425037125376877,1.648120722069476,0.08359503623266162,True
2022-11,EritxSJ4SVG,37.68014326912939,81.11204896560832,129.60019667453403,105.03692900388275,84.4488569047084,91.61188809553424,22.405335908809437,21.315582429829476,61.00039566537696,70.24819454274824,73.49996574381103,65.0962569933709,0.0,0.0,1.0,0.0,0.0,0.0,0.8408964152537145,1.0,5.0,3.395826707880486,3.5415801327238854,3.781020274645804,0.3332001336826491,True
2022-11,Fczy0xwaJSy,192.40671367801608,500.8490988726485,480.4853771392927,377.68422689129966,282.53557240337,404.52528795724123,13.642946655047368,13.019132584536308,74.72124910561743,83.70246305647554,83.54778095656081,76.44482296370957,0.0,0.0,0.0,1.0,0.0,0.0,0.0,24.0,0.0,1.2936853637274317,2.27013765379509,1.726232321307318,-0.3480296237705416,True
2022-11,Gu5PQzqP3oc,91.0173235785167,236.44280551651255,318.89905785038667,285.55001427149324,223.65003020621276,227.08668846542258,19.036568739464414,18.14663505988918,70.7772452168907,77.95032004916902,79.7327433971406,74.11655511767817,0.0,0.0,0.0,0.0,1.0,0.0,0.0,24.0,0.0,5.88660025444705,5.923808301468762,5.953584828784934,-0.013634660727615433,True
2022-12,BzhJzdAGARk,324.4325698513696,106.65088076699313,233.35634990069468,299.4890999257533,247.4697688837144,186.7943885556383,16.034052416396136,16.55565122470248,75.68193875567897,70.53134643266398,79.08755497646969,79.85698380842577,1.0,0.0,0.0,0.0,0.0,0.0,0.0,24.0,0.0,5.943502114065012,5.873705082870903,5.948413607128169,-0.03696420031544534,True
2022-12,CSiOPKW1OQP,158.15110533393366,36.373735667544125,94.64162622487221,166.1098526691139,112.60102102811433,85.3358742925724,19.966797491994573,20.76675432155339,69.81879350622366,62.4220233479635,72.89732262519405,75.43136593827329,0.0,1.0,0.0,0.0,0.0,0.0,0.5946035575013604,3.0,14.642900000000001,2.6092438678988277,2.525648831666166,2.425037125376877,0.07859798845064114,True
2022-12,EritxSJ4SVG,119.15929771248511,37.68014326912939,81.11204896560832,129.60019667453403,105.03692900388275,84.4488569047084,21.606955266897543,22.405335908809437,67.03225850514018,61.00039566537696,70.24819454274824,73.49996574381103,0.0,0.0,1.0,0.0,0.0,0.0,0.7071067811865475,2.0,5.0,3.8153901407764796,3.395826707880486,3.5415801327238854,0.05872404005021137,True
2022-12,Fczy0xwaJSy,470.89400575571636,192.40671367801608,500.8490988726485,480.4853771392927,377.68422689129966,282.53557240337,13.31261061431339,13.642946655047368,81.67579950971326,74.72124910561743,83.70246305647554,83.54778095656081,0.0,0.0,0.0,1.0,0.0,0.0,0.0,24.0,0.0,1.0425767022593007,1.2936853637274317,2.27013765379509,-0.16967486816490407,True
2022-12,Gu5PQzqP3oc,306.5435468058005,91.0173235785167,236.44280551651255,318.89905785038667,285.55001427149324,223.65003020621276,18.259421896740612,19.036568739464414,75.33543799730771,70.7772452168907,77.95032004916902,79.7327433971406,0.0,0.0,0.0,0.0,1.0,0.0,0.0,24.0,0.0,5.87292755277014,5.88660025444705,5.923808301468762,-0.14883770290425158,True
2023-01,BzhJzdAGARk,231.0786133372526,324.4325698513696,106.65088076699313,233.35634990069468,299.4890999257533,247.4697688837144,15.678801440946176,16.034052416396136,76.04602960515028,75.68193875567897,70.53134643266398,79.08755497646969,1.0,0.0,0.0,0.0,0.0,0.0,0.0,24.0,0.0,5.906537913749567,5.943502114065012,5.873705082870903,-0.24330226694709012,True
2023-01,CSiOPKW1OQP,88.36335138633845,158.15110533393366,36.373735667544125,94.64162622487221,166.1098526691139,112.60102102811433,19.48855959264878,19.966797491994573,70.4573819698728,69.81879350622366,62.4220233479635,72.89732262519405,0.0,1.0,0.0,0.0,0.0,0.0,0.4999999999999999,4.0,14.642900000000001,2.687841856349469,2.6092438678988277,2.525648831666166,-0.06280478026024428,True
2023-01,EritxSJ4SVG,99.32548384198475,119.15929771248511,37.68014326912939,81.11204896560832,129.60019667453403,105.03692900388275,21.373930608590086,21.606955266897543,66.53046001803143,67.03225850514018,61.00039566537696,70.24819454274824,0.0,0.0,1.0,0.0,0.0,0.0,0.5946035575013604,3.0,5.0,3.851129433523207,3.8153901407764796,3.395826707880486,-0.6995573813787579,True
2023-01,Fczy0xwaJSy,343.5306817612912,470.89400575571636,192.40671367801608,500.8490988726485,480.4853771392927,377.68422689129966,12.898288213017358,13.31261061431339,81.25870123858269,81.67579950971326,74.72124910561743,83.70246305647554,0.0,0.0,0.0,1.0,0.0,0.0,0.0,24.0,0.0,1.3682182626730943,1.0425767022593007,1.2936853637274317,-0.6081591060256109,True
2023-01,Gu5PQzqP3oc,222.3043119275796,306.5435468058005,91.0173235785167,236.44280551651255,318.89905785038667,285.55001427149324,18.17336042497314,18.259421896740612,74.877500142155,75.33543799730771,70.7772452168907,77.95032004916902,0.0,0.0,0.0,0.0,1.0,0.0,0.0,24.0,0.0,5.736405434312602,5.87292755277014,5.88660025444705,-0.0064264100904258825,True
2023-02,BzhJzdAGARk,104.86260709012241,231.0786133372526,324.4325698513696,106.65088076699313,233.35634990069468,299.4890999257533,15.703723716139764,15.678801440946176,73.36979596490688,76.04602960515028,75.68193875567897,70.53134643266398,1.0,0.0,0.0,0.0,0.0,0.0,0.0,24.0,0.0,5.663235646802477,5.906537913749567,5.943502114065012,0.14849195024532325,True
2023-02,CSiOPKW1OQP,68.92181134728042,88.36335138633845,158.15110533393366,36.373735667544125,94.64162622487221,166.1098526691139,19.682573290685884,19.48855959264878,67.10982504754278,70.4573819698728,69.81879350622366,62.4220233479635,0.0,1.0,0.0,0.0,0.0,0.0,0.42044820762685714,5.0,14.642900000000001,2.6250370760892245,2.687841856349469,2.6092438678988277,0.02741209227608188,True
2023-02,EritxSJ4SVG,37.17261497945162,99.32548384198475,119.15929771248511,37.68014326912939,81.11204896560832,129.60019667453403,21.832391678547737,21.373930608590086,62.66639278220392,66.53046001803143,67.03225850514018,61.00039566537696,0.0,0.0,1.0,0.0,0.0,0.0,0.4999999999999999,4.0,5.0,3.0917820645984015,3.851129433523207,3.8153901407764796,0.36360284826225353,True
2023-02,Fczy0xwaJSy,314.8425126652632,343.5306817612912,470.89400575571636,192.40671367801608,500.8490988726485,480.4853771392927,12.933628172396082,12.898288213017358,78.5514589621129,81.25870123858269,81.67579950971326,74.72124910561743,0.0,0.0,0.0,1.0,0.0,0.0,0.0,24.0,0.0,0.8344390320804578,1.3682182626730943,1.0425767022593007,0.29097110764112033,True
2023-02,Gu5PQzqP3oc,223.1028740601503,222.3043119275796,306.5435468058005,91.0173235785167,236.44280551651255,318.89905785038667,18.26678116776365,18.17336042497314,73.50690894811562,74.877500142155,75.33543799730771,70.7772452168907,0.0,0.0,0.0,0.0,1.0,0.0,0.0,24.0,0.0,5.735908124290855,5.736405434312602,5.87292755277014,0.17117577819226604,True
2023-03,BzhJzdAGARk,167.16759082773075,104.86260709012241,231.0786133372526,324.4325698513696,106.65088076699313,233.35634990069468,15.96009833230352,15.703723716139764,73.89010029242611,73.36979596490688,76.04602960515028,75.68193875567897,1.0,0.0,0.0,0.0,0.0,0.0,0.0,24.0,0.0,5.8117275970478,5.663235646802477,5.906537913749567,0.03886603488393092,True
2023-03,CSiOPKW1OQP,68.56462245318053,68.92181134728042,88.36335138633845,158.15110533393366,36.373735667544125,94.64162622487221,20.84451321644321,19.682573290685884,60.00053351924643,67.10982504754278,70.4573819698728,69.81879350622366,0.0,1.0,0.0,0.0,0.0,0.0,0.3535533905932736,6.0,14.642900000000001,2.6524491683653064,2.6250370760892245,2.687841856349469,-0.8929484563610861,True
2023-03,EritxSJ4SVG,67.26232371841178,37.17261497945162,99.32548384198475,119.15929771248511,37.68014326912939,81.11204896560832,22.50955795301556,21.832391678547737,58.69581244196831,62.66639278220392,66.53046001803143,67.03225850514018,0.0,0.0,1.0,0.0,0.0,0.0,0.42044820762685714,5.0,5.0,3.565673163736003,3.0917820645984015,3.851129433523207,-0.5299457133043806,True
2023-03,Fczy0xwaJSy,337.4185501872303,314.8425126652632,343.5306817612912,470.89400575571636,192.40671367801608,500.8490988726485,13.163183924973142,12.933628172396082,76.73618331801131,78.5514589621129,81.25870123858269,81.67579950971326,0.0,0.0,0.0,1.0,0.0,0.0,0.0,24.0,0.0,1.2954775376218213,0.8344390320804578,1.3682182626730943,0.8791554626024394,True
2023-03,Gu5PQzqP3oc,201.97539011554073,223.1028740601503,222.3043119275796,306.5435468058005,91.0173235785167,236.44280551651255,18.44060536790305,18.26678116776365,72.97808755537073,73.50690894811562,74.877500142155,75.33543799730771,0.0,0.0,0.0,0.0,1.0,0.0,0.0,24.0,0.0,5.931830309685219,5.735908124290855,5.736405434312602,-0.4077630954345217,True
2023-04,BzhJzdAGARk,379.0853246679974,167.16759082773075,104.86260709012241,231.0786133372526,324.4325698513696,106.65088076699313,15.386213822981498,15.96009833230352,79.96007852020136,73.89010029242611,73.36979596490688,76.04602960515028,1.0,0.0,0.0,0.0,0.0,0.0,0.0,24.0,0.0,5.850593631931731,5.8117275970478,5.663235646802477,-0.4775924092675847,True
2023-04,CSiOPKW1OQP,197.506730432409,68.56462245318053,68.92181134728042,88.36335138633845,158.15110533393366,36.373735667544125,19.15314681600634,20.84451321644321,74.79432407241451,60.00053351924643,67.10982504754278,70.4573819698728,0.0,1.0,0.0,0.0,0.0,0.0,0.29730177875068015,7.0,14.642900000000001,1.7595007120042203,2.6524491683653064,2.6250370760892245,0.978569510815466,True
2023-04,EritxSJ4SVG,130.75821274084456,67.26232371841178,37.17261497945162,99.32548384198475,119.15929771248511,37.68014326912939,20.775828711680145,22.50955795301556,71.9628454957298,58.69581244196831,62.66639278220392,66.53046001803143,0.0,0.0,1.0,0.0,0.0,0.0,0.3535533905932736,6.0,5.0,3.0783879963102665,3.565673163736003,3.0917820645984015,-0.18304743765373876,True
2023-04,Fczy0xwaJSy,528.5175457138275,337.4185501872303,314.8425126652632,343.5306817612912,470.89400575571636,192.40671367801608,12.76842947186353,13.163183924973142,85.63397766903182,76.73618331801131,78.5514589621129,81.25870123858269,0.0,0.0,0.0,1.0,0.0,0.0,0.0,24.0,0.0,2.4098474068299858,1.2954775376218213,0.8344390320804578,0.9688462692886284,True
2023-04,Gu5PQzqP3oc,413.5657899756281,201.97539011554073,223.1028740601503,222.3043119275796,306.5435468058005,91.0173235785167,18.009889820174944,18.44060536790305,78.04136259434345,72.97808755537073,73.50690894811562,74.877500142155,0.0,0.0,0.0,0.0,1.0,0.0,0.0,24.0,0.0,5.560746542575289,5.931830309685219,5.735908124290855,-0.43293228781988446,True
2023-05,BzhJzdAGARk,144.51506453148133,379.0853246679974,167.16759082773075,104.86260709012241,231.0786133372526,324.4325698513696,15.906603152420049,15.386213822981498,75.31454767076708,79.96007852020136,73.89010029242611,73.36979596490688,1.0,0.0,0.0,0.0,0.0,0.0,0.0,24.0,0.0,5.373001222664146,5.850593631931731,5.8117275970478,0.12411258366494682,True
2023-05,CSiOPKW1OQP,40.559416704239396,197.506730432409,68.56462245318053,68.92181134728042,88.36335138633845,158.15110533393366,19.856420893348492,19.15314681600634,69.30549435815584,74.79432407241451,60.00053351924643,67.10982504754278,0.0,1.0,0.0,0.0,0.0,0.0,0.2499999999999999,8.0,14.642900000000001,2.7380702228196863,1.7595007120042203,2.6524491683653064,-0.22079516871826055,True
2023-05,EritxSJ4SVG,59.33010833143993,130.75821274084456,67.26232371841178,37.17261497945162,99.32548384198475,119.15929771248511,21.557036879850017,20.775828711680145,68.16268278596759,71.9628454957298,58.69581244196831,62.66639278220392,0.0,0.0,1.0,0.0,0.0,0.0,0.29730177875068015,7.0,5.0,2.9311982971643946,3.0783879963102665,3.565673163736003,-0.47459208364075334,True
2023-05,Fczy0xwaJSy,267.97611273848463,528.5175457138275,337.4185501872303,314.8425126652632,343.5306817612912,470.89400575571636,13.283475529569452,12.76842947186353,80.50008678720471,85.63397766903182,76.73618331801131,78.5514589621129,0.0,0.0,0.0,1.0,0.0,0.0,0.0,24.0,0.0,3.0246982684875716,2.4098474068299858,1.2954775376218213,0.06376829507279869,True
2023-05,Gu5PQzqP3oc,79.23390214943532,413.5657899756281,201.97539011554073,223.1028740601503,222.3043119275796,306.5435468058005,18.422369170772168,18.009889820174944,75.00982052750678,78.04136259434345,72.97808755537073,73.50690894811562,0.0,0.0,0.0,0.0,1.0,0.0,0.0,24.0,0.0,5.08533382141755,5.560746542575289,5.931830309685219,-0.1992613429954444,True
2023-06,BzhJzdAGARk,193.56757333650444,144.51506453148133,379.0853246679974,167.16759082773075,104.86260709012241,231.0786133372526,16.72866096150173,15.906603152420049,72.42236809756595,75.31454767076708,79.96007852020136,73.89010029242611,1.0,0.0,0.0,0.0,0.0,0.0,0.0,24.0,0.0,5.497113806329093,5.373001222664146,5.850593631931731,0.01817292032043749,True
2023-06,CSiOPKW1OQP,69.64717321882523,40.559416704239396,197.506730432409,68.56462245318053,68.92181134728042,88.36335138633845,20.794669354126455,19.856420893348492,65.7401934594138,69.30549435815584,74.79432407241451,60.00053351924643,0.0,1.0,0.0,0.0,0.0,0.0,0.21022410381342854,9.0,14.642900000000001,2.5172750541014257,2.7380702228196863,1.7595007120042203,-0.040439094645726925,True
2023-06,EritxSJ4SVG,87.64714496380074,59.33010833143993,130.75821274084456,67.26232371841178,37.17261497945162,99.32548384198475,22.482158210000886,21.557036879850017,64.49986269173026,68.16268278596759,71.9628454957298,58.69581244196831,0.0,0.0,1.0,0.0,0.0,0.0,0.2499999999999999,8.0,5.0,2.5669586737745673,2.9311982971643946,3.0783879963102665,0.4335156423141018,True
2023-06,Fczy0xwaJSy,267.0244734000394,267.97611273848463,528.5175457138275,337.4185501872303,314.8425126652632,343.5306817612912,13.581182445737419,13.283475529569452,78.17922128285183,80.50008678720471,85.63397766903182,76.73618331801131,0.0,0.0,0.0,1.0,0.0,0.0,0.0,24.0,0.0,2.473917605244795,3.0246982684875716,2.4098474068299858,0.15878133126058547,True
2023-06,Gu5PQzqP3oc,202.1491266339462,79.23390214943532,413.5657899756281,201.97539011554073,223.1028740601503,222.3043119275796,19.21353045839688,18.422369170772168,71.85079622693543,75.00982052750678,78.04136259434345,72.97808755537073,0.0,0.0,0.0,0.0,1.0,0.0,0.0,24.0,0.0,4.854526232457777,5.08533382141755,5.560746542575289,-0.16816127469333786,True
2023-07,BzhJzdAGARk,207.42671907680833,193.56757333650444,144.51506453148133,379.0853246679974,167.16759082773075,104.86260709012241,16.716407164366984,16.72866096150173,76.86823199052407,72.42236809756595,75.31454767076708,79.96007852020136,1.0,0.0,0.0,0.0,0.0,0.0,0.0,24.0,0.0,5.5152867266495305,5.497113806329093,5.373001222664146,-0.03663158157752999,True
2023-07,CSiOPKW1OQP,103.6391554066155,69.64717321882523,40.559416704239396,197.506730432409,68.56462245318053,68.92181134728042,20.904767881549,20.794669354126455,70.18131192457773,65.7401934594138,69.30549435815584,74.79432407241451,0.0,1.0,0.0,0.0,0.0,0.0,0.17677669529663678,10.0,14.642900000000001,2.476835959455699,2.5172750541014257,2.7380702228196863,0.24358613755700764,True
2023-07,EritxSJ4SVG,94.75741826114982,87.64714496380074,59.33010833143993,130.75821274084456,67.26232371841178,37.17261497945162,22.771572930662614,22.482158210000886,66.58117714454757,64.49986269173026,68.16268278596759,71.9628454957298,0.0,0.0,1.0,0.0,0.0,0.0,0.21022410381342854,9.0,5.0,3.1086052038565715,2.5669586737745673,2.9311982971643946,-0.0015407193395780006,True
2023-07,Fczy0xwaJSy,421.212678319868,267.0244734000394,267.97611273848463,528.5175457138275,337.4185501872303,314.8425126652632,13.780248400853587,13.581182445737419,83.28433358812458,78.17922128285183,80.50008678720471,85.63397766903182,0.0,0.0,0.0,1.0,0.0,0.0,0.0,24.0,0.0,2.479873529143319,2.473917605244795,3.0246982684875716,-0.7364756948296398,True
2023-07,Gu5PQzqP3oc,244.08938998661915,202.1491266339462,79.23390214943532,413.5657899756281,201.97539011554073,223.1028740601503,19.197710701371555,19.21353045839688,75.77716620863467,71.85079622693543,75.00982052750678,78.04136259434345,0.0,0.0,0.0,0.0,1.0,0.0,0.0,24.0,0.0,4.757104709694317,4.854526232457777,5.08533382141755,0.15416882885437122,True
2023-08,BzhJzdAGARk,196.6025643526422,207.42671907680833,193.56757333650444,144.51506453148133,379.0853246679974,167.16759082773075,16.836224565500675,16.716407164366984,69.1592243272908,76.86823199052407,72.42236809756595,75.31454767076708,1.0,0.0,0.0,0.0,0.0,0.0,0.0,24.0,0.0,5.4786551450720005,5.5152867266495305,5.497113806329093,-0.20975062526557942,True
2023-08,CSiOPKW1OQP,88.32845358092345,103.6391554066155,69.64717321882523,40.559416704239396,197.506730432409,68.56462245318053,21.117590282885192,20.904767881549,60.43885246749426,70.18131192457773,65.7401934594138,69.30549435815584,0.0,1.0,0.0,0.0,0.0,0.0,0.14865088937534005,11.0,14.642900000000001,2.7204220970127064,2.476835959455699,2.5172750541014257,-0.32174325226542777,True
2023-08,EritxSJ4SVG,91.68928464268085,94.75741826114982,87.64714496380074,59.33010833143993,130.75821274084456,67.26232371841178,22.453561785205608,22.771572930662614,61.02994087072325,66.58117714454757,64.49986269173026,68.16268278596759,0.0,0.0,1.0,0.0,0.0,0.0,0.17677669529663678,10.0,5.0,3.104205908741403,3.1086052038565715,2.5669586737745673,-0.21269381297714496,True
2023-08,Fczy0xwaJSy,301.0836896739328,421.212678319868,267.0244734000394,267.97611273848463,528.5175457138275,337.4185501872303,13.781555258541369,13.780248400853587,75.04110545342755,83.28433358812458,78.17922128285183,80.50008678720471,0.0,0.0,0.0,1.0,0.0,0.0,0.0,24.0,0.0,1.8094533080996011,2.479873529143319,2.473917605244795,0.7898115533457664,True
2023-08,Gu5PQzqP3oc,240.69487940837604,244.08938998661915,202.1491266339462,79.23390214943532,413.5657899756281,201.97539011554073,19.295160930484627,19.197710701371555,69.34963666229203,75.77716620863467,71.85079622693543,75.00982052750678,0.0,0.0,0.0,0.0,1.0,0.0,0.0,24.0,0.0,5.045549328183309,4.757104709694317,4.854526232457777,0.20423668392662986,True
2023-09,BzhJzdAGARk,165.39115509026885,196.6025643526422,207.42671907680833,193.56757333650444,144.51506453148133,379.0853246679974,17.356404274018395,16.836224565500675,68.27448529255847,69.1592243272908,76.86823199052407,72.42236809756595,1.0,0.0,0.0,0.0,0.0,0.0,0.0,24.0,0.0,5.268904519806421,5.4786551450720005,5.5152867266495305,-0.1791840876855293,True
2023-09,CSiOPKW1OQP,58.87880410237939,88.32845358092345,103.6391554066155,69.64717321882523,40.559416704239396,197.506730432409,22.01680539226404,21.117590282885192,57.8208138735174,60.43885246749426,70.18131192457773,65.7401934594138,0.0,1.0,0.0,0.0,0.0,1.0,1.0,0.0,15.642900000000001,2.3986788447472787,2.7204220970127064,2.476835959455699,-0.42043554183649756,True
2023-09,EritxSJ4SVG,67.0318191745594,91.68928464268085,94.75741826114982,87.64714496380074,59.33010833143993,130.75821274084456,23.434956771468137,22.453561785205608,58.13891289161418,61.02994087072325,66.58117714454757,64.49986269173026,0.0,0.0,1.0,0.0,0.0,0.0,0.14865088937534005,11.0,5.0,2.8269874575685887,3.104205908741403,3.1086052038565715,0.06308173188743282,True
2023-09,Fczy0xwaJSy,219.4057599796004,301.0836896739328,421.212678319868,267.0244734000394,267.97611273848463,528.5175457138275,14.435760748344386,13.781555258541369,72.53584941706701,75.04110545342755,83.28433358812458,78.17922128285183,0.0,0.0,0.0,1.0,0.0,0.0,0.0,24.0,0.0,2.8048623483046775,1.8094533080996011,2.479873529143319,0.6366268334854159,True
2023-09,Gu5PQzqP3oc,207.75237560143512,240.69487940837604,244.08938998661915,202.1491266339462,79.23390214943532,413.5657899756281,19.842669877893872,19.295160930484627,68.43511852404069,69.34963666229203,75.77716620863467,71.85079622693543,0.0,0.0,0.0,0.0,1.0,0.0,0.0,24.0,0.0,5.385639368822877,5.045549328183309,4.757104709694317,0.38230907953684046,True
2023-10,BzhJzdAGARk,353.6731807876038,165.39115509026885,196.6025643526422,207.42671907680833,193.56757333650444,144.51506453148133,16.315953269150977,17.356404274018395,79.76533421112902,68.27448529255847,69.1592243272908,76.86823199052407,1.0,0.0,0.0,0.0,0.0,0.0,0.0,24.0,0.0,5.089720432120892,5.268904519806421,5.4786551450720005,0.03561605921116939,True
2023-10,CSiOPKW1OQP,130.17299243784586,58.87880410237939,88.32845358092345,103.6391554066155,69.64717321882523,40.559416704239396,20.677408497036634,22.01680539226404,71.03581689660683,57.8208138735174,60.43885246749426,70.18131192457773,0.0,1.0,0.0,0.0,0.0,0.0,0.8408964152537145,1.0,15.642900000000001,1.978243302910781,2.3986788447472787,2.7204220970127064,0.7906614277224577,True
2023-10,EritxSJ4SVG,132.05440244693295,67.0318191745594,91.68928464268085,94.75741826114982,87.64714496380074,59.33010833143993,21.86870476926249,23.434956771468137,72.17545625498065,58.13891289161418,61.02994087072325,66.58117714454757,0.0,0.0,1.0,0.0,0.0,1.0,1.0,0.0,6.0,2.9264998127097694,2.8269874575685887,3.104205908741403,0.5395808610394166,True
2023-10,Fczy0xwaJSy,510.13719206628247,219.4057599796004,301.0836896739328,421.212678319868,267.0244734000394,267.97611273848463,13.804398374300513,14.435760748344386,84.21694892897513,72.53584941706701,75.04110545342755,83.28433358812458,0.0,0.0,0.0,1.0,0.0,0.0,0.0,24.0,0.0,3.417873472633484,2.8048623483046775,1.8094533080996011,0.17221432441987083,True
2023-10,Gu5PQzqP3oc,423.82645896938186,207.75237560143512,240.69487940837604,244.08938998661915,202.1491266339462,79.23390214943532,18.628340416084452,19.842669877893872,80.01424778119234,68.43511852404069,69.34963666229203,75.77716620863467,0.0,0.0,0.0,0.0,1.0,0.0,0.0,24.0,0.0,5.791688256505551,5.385639368822877,5.045549328183309,0.448112497399376,True
2023-11,BzhJzdAGARk,190.52738769320496,353.6731807876038,165.39115509026885,196.6025643526422,207.42671907680833,193.56757333650444,16.85694773371499,16.315953269150977,73.434812129529,79.76533421112902,68.27448529255847,69.1592243272908,1.0,0.0,0.0,0.0,0.0,0.0,0.0,24.0,0.0,5.125336491332061,5.089720432120892,5.268904519806421,-0.18374069698196038,True
2023-11,CSiOPKW1OQP,92.9662443279818,130.17299243784586,58.87880410237939,88.32845358092345,103.6391554066155,69.64717321882523,20.7506532553911,20.677408497036634,68.75944512965742,71.03581689660683,57.8208138735174,60.43885246749426,0.0,1.0,0.0,0.0,0.0,0.0,0.7071067811865475,2.0,15.642900000000001,2.768904730633239,1.978243302910781,2.3986788447472787,0.1379572150248385,True
2023-11,EritxSJ4SVG,75.89362218942884,132.05440244693295,67.0318191745594,91.68928464268085,94.75741826114982,87.64714496380074,22.490961672244406,21.86870476926249,65.81995401957765,72.17545625498065,58.13891289161418,61.02994087072325,0.0,0.0,1.0,0.0,0.0,0.0,0.8408964152537145,1.0,6.0,3.4871302847063905,2.9264998127097694,2.8269874575685887,-0.29890843073179996,True
2023-11,Fczy0xwaJSy,270.48122176187917,510.13719206628247,219.4057599796004,301.0836896739328,421.212678319868,267.0244734000394,13.938359740963918,13.804398374300513,79.38221820628063,84.21694892897513,72.53584941706701,75.04110545342755,0.0,0.0,0.0,1.0,0.0,0.0,0.0,24.0,0.0,2.990008579025372,3.417873472633484,2.8048623483046775,0.3620178934908518,True
2023-11,Gu5PQzqP3oc,202.6986621350241,423.82645896938186,207.75237560143512,240.69487940837604,244.08938998661915,202.1491266339462,19.322054190036912,18.628340416084452,72.96812364192957,80.01424778119234,68.43511852404069,69.34963666229203,0.0,0.0,0.0,0.0,1.0,0.0,0.0,24.0,0.0,6.137821265407129,5.791688256505551,5.385639368822877,0.29928715711601495,True
2023-12,BzhJzdAGARk,331.4058072667325,190.52738769320496,353.6731807876038,165.39115509026885,196.6025643526422,207.42671907680833,16.25225091643496,16.85694773371499,79.46079005512802,73.434812129529,79.76533421112902,68.27448529255847,1.0,0.0,0.0,0.0,0.0,0.0,0.0,24.0,0.0,4.941595794350101,5.125336491332061,5.089720432120892,0.04117867638168349,True
2023-12,CSiOPKW1OQP,100.79582030382491,92.9662443279818,130.17299243784586,58.87880410237939,88.32845358092345,103.6391554066155,19.985950584333477,20.7506532553911,73.87036787793612,68.75944512965742,71.03581689660683,57.8208138735174,0.0,1.0,0.0,0.0,0.0,0.0,0.5946035575013604,3.0,15.642900000000001,2.9068619456580773,2.768904730633239,1.978243302910781,0.3494651772884918,True
2023-12,EritxSJ4SVG,145.38564419042518,75.89362218942884,132.05440244693295,67.0318191745594,91.68928464268085,94.75741826114982,21.328717000354033,22.490961672244406,73.30556529695458,65.81995401957765,72.17545625498065,58.13891289161418,0.0,0.0,1.0,0.0,0.0,0.0,0.7071067811865475,2.0,6.0,3.0869582208573916,3.4871302847063905,2.9264998127097694,-0.9409643566943124,True
2023-12,Fczy0xwaJSy,366.7534348793841,270.48122176187917,510.13719206628247,219.4057599796004,301.0836896739328,421.212678319868,13.523654128966538,13.938359740963918,84.03020940370338,79.38221820628063,84.21694892897513,72.53584941706701,0.0,0.0,0.0,1.0,0.0,0.0,0.0,24.0,0.0,3.145098078341607,2.990008579025372,3.417873472633484,0.6672725016679935,True
2023-12,Gu5PQzqP3oc,440.06299134116796,202.6986621350241,423.82645896938186,207.75237560143512,240.69487940837604,244.08938998661915,18.674902176201122,19.322054190036912,77.10937240363255,72.96812364192957,80.01424778119234,68.43511852404069,0.0,0.0,0.0,0.0,1.0,0.0,0.0,24.0,0.0,6.258543270999467,6.137821265407129,5.791688256505551,0.48238217942049477,True
2024-01,BzhJzdAGARk,210.02246432270493,331.4058072667325,190.52738769320496,353.6731807876038,165.39115509026885,196.6025643526422,16.692474951961916,16.25225091643496,76.28786104090716,79.46079005512802,73.434812129529,79.76533421112902,1.0,0.0,0.0,0.0,0.0,0.0,0.0,24.0,0.0,4.982774470731784,4.941595794350101,5.125336491332061,-0.11336508749168406,True
2024-01,CSiOPKW1OQP,71.47386198792549,100.79582030382491,92.9662443279818,130.17299243784586,58.87880410237939,88.32845358092345,20.90766291938712,19.985950584333477,69.10632532401753,73.87036787793612,68.75944512965742,71.03581689660683,0.0,1.0,0.0,0.0,0.0,0.0,0.4999999999999999,4.0,15.642900000000001,3.256327122946569,2.9068619456580773,2.768904730633239,-0.3666176446933762,True
2024-01,EritxSJ4SVG,58.39807585550261,145.38564419042518,75.89362218942884,132.05440244693295,67.0318191745594,91.68928464268085,22.387235214148866,21.328717000354033,68.53568869229693,73.30556529695458,65.81995401957765,72.17545625498065,0.0,0.0,1.0,0.0,0.0,0.0,0.5946035575013604,3.0,6.0,2.116230100323273,3.0869582208573916,3.4871302847063905,-0.2796262060795667,True
2024-01,Fczy0xwaJSy,612.6580124727535,366.7534348793841,270.48122176187917,510.13719206628247,219.4057599796004,301.0836896739328,14.1044760449455,13.523654128966538,82.06728540361726,84.03020940370338,79.38221820628063,84.21694892897513,0.0,0.0,0.0,1.0,0.0,0.0,0.0,24.0,0.0,3.842822307948086,3.145098078341607,2.990008579025372,0.028303188549255065,True
2024-01,Gu5PQzqP3oc,320.21783565609564,440.06299134116796,202.6986621350241,423.82645896938186,207.75237560143512,240.69487940837604,19.177621273497927,18.674902176201122,75.51411698530136,77.10937240363255,72.96812364192957,80.01424778119234,0.0,0.0,0.0,0.0,1.0,0.0,0.0,24.0,0.0,6.559721421517611,6.258543270999467,6.137821265407129,0.10751780130206168,True
2024-02,BzhJzdAGARk,311.1644347275013,210.02246432270493,331.4058072667325,190.52738769320496,353.6731807876038,165.39115509026885,16.505788783416094,16.692474951961916,78.38065518006708,76.28786104090716,79.46079005512802,73.434812129529,1.0,0.0,0.0,0.0,0.0,0.0,0.0,24.0,0.0,4.8694093832401,4.982774470731784,4.941595794350101,-0.6744015353647246,True
2024-02,CSiOPKW1OQP,172.3284466509492,71.47386198792549,100.79582030382491,92.9662443279818,130.17299243784586,58.87880410237939,20.70292415938393,20.90766291938712,72.31984945441758,69.10632532401753,73.87036787793612,68.75944512965742,0.0,1.0,0.0,0.0,0.0,0.0,0.42044820762685714,5.0,15.642900000000001,2.889709478253193,3.256327122946569,2.9068619456580773,-0.868153757095496,True
2024-02,EritxSJ4SVG,191.83927461034096,58.39807585550261,145.38564419042518,75.89362218942884,132.05440244693295,67.0318191745594,21.84574905049784,22.387235214148866,72.74331237893703,68.53568869229693,73.30556529695458,65.81995401957765,0.0,0.0,1.0,0.0,0.0,0.0,0.4999999999999999,4.0,6.0,2.041425965324886,2.116230100323273,3.0869582208573916,-0.6775927602388647,True
2024-02,Fczy0xwaJSy,274.20791822445557,612.6580124727535,366.7534348793841,270.48122176187917,510.13719206628247,219.4057599796004,14.1387358479388,14.1044760449455,80.35932380424606,82.06728540361726,84.03020940370338,79.38221820628063,0.0,0.0,0.0,1.0,0.0,0.0,0.0,24.0,0.0,3.4859774870680074,3.842822307948086,3.145098078341607,-0.021446519542653864,True
2024-02,Gu5PQzqP3oc,232.3898027154469,320.21783565609564,440.06299134116796,202.6986621350241,423.82645896938186,207.75237560143512,19.07530233692768,19.177621273497927,74.99068254950329,75.51411698530136,77.10937240363255,72.96812364192957,0.0,0.0,0.0,0.0,1.0,0.0,0.0,24.0,0.0,6.59115636167,6.559721421517611,6.258543270999467,-0.17448828029892915,True
2024-03,BzhJzdAGARk,282.9322342112322,311.1644347275013,210.02246432270493,331.4058072667325,190.52738769320496,353.6731807876038,16.65516298319615,16.505788783416094,76.52625194201688,78.38065518006708,76.28786104090716,79.46079005512802,1.0,0.0,0.0,0.0,0.0,0.0,0.0,24.0,0.0,4.195007847875376,4.8694093832401,4.982774470731784,-0.28161239353594203,True
2024-03,CSiOPKW1OQP,196.6372773511805,172.3284466509492,71.47386198792549,100.79582030382491,92.9662443279818,130.17299243784586,20.339720089780958,20.70292415938393,73.92936000382525,72.31984945441758,69.10632532401753,73.87036787793612,0.0,1.0,0.0,0.0,0.0,0.0,0.3535533905932736,6.0,15.642900000000001,2.021555721157697,2.889709478253193,3.256327122946569,0.7672280862107703,True
2024-03,EritxSJ4SVG,186.8048912390835,191.83927461034096,58.39807585550261,145.38564419042518,75.89362218942884,132.05440244693295,22.01046158071494,21.84574905049784,72.1797097297444,72.74331237893703,68.53568869229693,73.30556529695458,0.0,0.0,1.0,0.0,0.0,0.0,0.42044820762685714,5.0,6.0,1.5520481160308062,2.041425965324886,2.116230100323273,0.318845551263808,True
2024-03,Fczy0xwaJSy,333.01932443807107,274.20791822445557,612.6580124727535,366.7534348793841,270.48122176187917,510.13719206628247,13.863232431480778,14.1387358479388,83.41996871469871,80.35932380424606,82.06728540361726,84.03020940370338,0.0,0.0,0.0,1.0,0.0,0.0,0.0,24.0,0.0,3.1526564236911083,3.4859774870680074,3.842822307948086,-0.269468025807738,True
2024-03,Gu5PQzqP3oc,218.43847251128602,232.3898027154469,320.21783565609564,440.06299134116796,202.6986621350241,423.82645896938186,19.145604312076323,19.07530233692768,76.0029557416139,74.99068254950329,75.51411698530136,77.10937240363255,0.0,0.0,0.0,0.0,1.0,0.0,0.0,24.0,0.0,6.399512973032831,6.59115636167,6.559721421517611,-0.11027660484523505,True
2024-04,BzhJzdAGARk,58.60852073114921,282.9322342112322,311.1644347275013,210.02246432270493,331.4058072667325,190.52738769320496,17.18271125214785,16.65516298319615,73.95462757041372,76.52625194201688,78.38065518006708,76.28786104090716,1.0,0.0,0.0,0.0,0.0,0.0,0.0,24.0,0.0,3.9133954543394336,4.195007847875376,4.8694093832401,-0.018906969873275337,True
2024-04,CSiOPKW1OQP,127.41148577322286,196.6372773511805,172.3284466509492,71.47386198792549,100.79582030382491,92.9662443279818,21.15038106057833,20.339720089780958,67.54743609828425,73.92936000382525,72.31984945441758,69.10632532401753,0.0,1.0,0.0,0.0,0.0,0.0,0.29730177875068015,7.0,15.642900000000001,2.788783807368467,2.021555721157697,2.889709478253193,-0.14436693429449043,True
2024-04,EritxSJ4SVG,146.77358859243148,186.8048912390835,191.83927461034096,58.39807585550261,145.38564419042518,75.89362218942884,22.674418721438208,22.01046158071494,66.61471177199607,72.1797097297444,72.74331237893703,68.53568869229693,0.0,0.0,1.0,0.0,0.0,0.0,0.3535533905932736,6.0,6.0,2.0280083999604606,1.5520481160308062,2.041425965324886,-0.0735700008571496,True
2024-04,Fczy0xwaJSy,510.69937342491437,333.01932443807107,274.20791822445557,612.6580124727535,366.7534348793841,270.48122176187917,14.268745050981678,13.863232431480778,82.47305031568895,83.41996871469871,80.35932380424606,82.06728540361726,0.0,0.0,0.0,1.0,0.0,0.0,0.0,24.0,0.0,2.9453360279010266,3.1526564236911083,3.4859774870680074,0.44600656875398803,True
2024-04,Gu5PQzqP3oc,84.52269534999587,218.43847251128602,232.3898027154469,320.21783565609564,440.06299134116796,202.6986621350241,19.71149316152995,19.145604312076323,73.41772230261088,76.0029557416139,74.99068254950329,75.51411698530136,0.0,0.0,0.0,0.0,1.0,0.0,0.0,24.0,0.0,6.301509234050469,6.399512973032831,6.59115636167,0.178858509523117,True
2024-05,BzhJzdAGARk,187.1288874587808,58.60852073114921,282.9322342112322,311.1644347275013,210.02246432270493,331.4058072667325,16.711344629451133,17.18271125214785,76.65144070860246,73.95462757041372,76.52625194201688,78.38065518006708,1.0,0.0,0.0,0.0,0.0,0.0,0.0,24.0,0.0,3.8944884844661583,3.9133954543394336,4.195007847875376,0.5014300593755894,True
2024-05,CSiOPKW1OQP,253.97710593707203,127.41148577322286,196.6372773511805,172.3284466509492,71.47386198792549,100.79582030382491,20.766098399262916,21.15038106057833,70.01119429998012,67.54743609828425,73.92936000382525,72.31984945441758,0.0,1.0,0.0,0.0,0.0,0.0,0.2499999999999999,8.0,15.642900000000001,2.6444168730739768,2.788783807368467,2.021555721157697,-0.389274662629171,True
2024-05,EritxSJ4SVG,272.58357378941037,146.77358859243148,186.8048912390835,191.83927461034096,58.39807585550261,145.38564419042518,21.967840817766938,22.674418721438208,69.84422969888962,66.61471177199607,72.1797097297444,72.74331237893703,0.0,0.0,1.0,0.0,0.0,0.0,0.29730177875068015,7.0,6.0,2.001434103302045,2.0280083999604606,1.5520481160308062,0.7505999571065405,True
2024-05,Fczy0xwaJSy,356.3152172627757,510.69937342491437,333.01932443807107,274.20791822445557,612.6580124727535,366.7534348793841,14.184000743389198,14.268745050981678,80.85325318856144,82.47305031568895,83.41996871469871,80.35932380424606,0.0,0.0,0.0,1.0,0.0,0.0,0.0,24.0,0.0,3.505363640860059,2.9453360279010266,3.1526564236911083,0.4146091490911177,True
2024-05,Gu5PQzqP3oc,154.32099346519675,84.52269534999587,218.43847251128602,232.3898027154469,320.21783565609564,440.06299134116796,19.228593143929142,19.71149316152995,75.94959737994445,73.41772230261088,76.0029557416139,74.99068254950329,0.0,0.0,0.0,0.0,1.0,0.0,0.0,24.0,0.0,6.535150035689084,6.301509234050469,6.399512973032831,0.2325704215299158,True
2024-06,BzhJzdAGARk,247.17572997208288,187.1288874587808,58.60852073114921,282.9322342112322,311.1644347275013,210.02246432270493,17.21958462993296,16.711344629451133,72.25315530587629,76.65144070860246,73.95462757041372,76.52625194201688,1.0,0.0,0.0,0.0,0.0,0.0,0.0,24.0,0.0,4.395918543841748,3.8944884844661583,3.9133954543394336,0.683216912087202,True
2024-06,CSiOPKW1OQP,175.78101419940245,253.97710593707203,127.41148577322286,196.6372773511805,172.3284466509492,71.47386198792549,21.589768214286096,20.766098399262916,63.52120819130025,70.01119429998012,67.54743609828425,73.92936000382525,0.0,1.0,0.0,0.0,0.0,0.0,0.21022410381342854,9.0,15.642900000000001,2.255142210444806,2.6444168730739768,2.788783807368467,0.16057090197919965,True
2024-06,EritxSJ4SVG,83.24223253878965,272.58357378941037,146.77358859243148,186.8048912390835,191.83927461034096,58.39807585550261,23.274032863369783,21.967840817766938,60.87857101264955,69.84422969888962,66.61471177199607,72.1797097297444,0.0,0.0,1.0,0.0,0.0,0.0,0.2499999999999999,8.0,6.0,2.7169056705109815,2.001434103302045,2.0280083999604606,-0.31654189991110293,True
2024-06,Fczy0xwaJSy,612.0502479246461,356.3152172627757,510.69937342491437,333.01932443807107,274.20791822445557,612.6580124727535,14.284264608493684,14.184000743389198,79.34426041778892,80.85325318856144,82.47305031568895,83.41996871469871,0.0,0.0,0.0,1.0,0.0,0.0,0.0,24.0,0.0,3.780877753011393,3.505363640860059,2.9453360279010266,0.05272940141889837,True
2024-06,Gu5PQzqP3oc,254.35915902114465,154.32099346519675,84.52269534999587,218.43847251128602,232.3898027154469,320.21783565609564,19.50875693846973,19.228593143929142,73.53631311753013,75.94959737994445,73.41772230261088,76.0029557416139,0.0,0.0,0.0,0.0,1.0,0.0,0.0,24.0,0.0,6.8539267783718705,6.535150035689084,6.301509234050469,0.06619772170748739,True
2024-07,BzhJzdAGARk,189.86381505028618,247.17572997208288,187.1288874587808,58.60852073114921,282.9322342112322,311.1644347275013,16.917648175630443,17.21958462993296,69.85552263089693,72.25315530587629,76.65144070860246,73.95462757041372,1.0,0.0,0.0,0.0,0.0,0.0,0.0,24.0,0.0,5.07913545592895,4.395918543841748,3.8944884844661583,-0.3829835442108278,True
2024-07,CSiOPKW1OQP,87.20537255760497,175.78101419940245,253.97710593707203,127.41148577322286,196.6372773511805,172.3284466509492,21.38309224130306,21.589768214286096,57.22828692281185,63.52120819130025,70.01119429998012,67.54743609828425,0.0,1.0,0.0,0.0,0.0,0.0,0.17677669529663678,10.0,15.642900000000001,2.4157131124240054,2.255142210444806,2.6444168730739768,-1.2387635710591471,True
2024-07,EritxSJ4SVG,87.44906638030508,83.24223253878965,272.58357378941037,146.77358859243148,186.8048912390835,191.83927461034096,22.62605694821386,23.274032863369783,57.04590432504578,60.87857101264955,69.84422969888962,66.61471177199607,0.0,0.0,1.0,0.0,0.0,0.0,0.21022410381342854,9.0,6.0,2.2836067602138677,2.7169056705109815,2.001434103302045,0.22631004117035802,True
2024-07,Fczy0xwaJSy,317.86589781994616,612.0502479246461,356.3152172627757,510.69937342491437,333.01932443807107,274.20791822445557,14.082244443973527,14.284264608493684,75.2672402914385,79.34426041778892,80.85325318856144,82.47305031568895,0.0,0.0,0.0,1.0,0.0,0.0,0.0,24.0,0.0,3.444863874165752,3.780877753011393,3.505363640860059,0.20232041198502637,True
2024-07,Gu5PQzqP3oc,234.37365695225103,254.35915902114465,154.32099346519675,84.52269534999587,218.43847251128602,232.3898027154469,19.300581609614408,19.50875693846973,69.96871783795392,73.53631311753013,75.94959737994445,73.41772230261088,0.0,0.0,0.0,0.0,1.0,0.0,0.0,24.0,0.0,6.952967910679311,6.8539267783718705,6.535150035689084,-0.06566713418985426,True
2024-08,BzhJzdAGARk,224.7238618366463,189.86381505028618,247.17572997208288,187.1288874587808,58.60852073114921,282.9322342112322,17.02700754431411,16.917648175630443,74.77305796156692,69.85552263089693,72.25315530587629,76.65144070860246,1.0,0.0,0.0,0.0,0.0,0.0,0.0,24.0,0.0,4.696151911718122,5.07913545592895,4.395918543841748,0.15827891601522648,True
2024-08,CSiOPKW1OQP,136.4153427073354,87.20537255760497,175.78101419940245,253.97710593707203,127.41148577322286,196.6372773511805,21.0999581773046,21.38309224130306,67.76570825371934,57.22828692281185,63.52120819130025,70.01119429998012,0.0,1.0,0.0,0.0,0.0,0.0,0.14865088937534005,11.0,15.642900000000001,1.1769495413648583,2.4157131124240054,2.255142210444806,0.8138682093989438,True
2024-08,EritxSJ4SVG,100.87091861378242,87.44906638030508,83.24223253878965,272.58357378941037,146.77358859243148,186.8048912390835,22.77812230985851,22.62605694821386,64.63553992210595,57.04590432504578,60.87857101264955,69.84422969888962,0.0,0.0,1.0,0.0,0.0,0.0,0.17677669529663678,10.0,6.0,2.451618435806896,2.2836067602138677,2.7169056705109815,0.8688497902963754,True
2024-08,Fczy0xwaJSy,404.01746762949284,317.86589781994616,612.0502479246461,356.3152172627757,510.69937342491437,333.01932443807107,14.276224458414822,14.082244443973527,79.6285072178148,75.2672402914385,79.34426041778892,80.85325318856144,0.0,0.0,0.0,1.0,0.0,0.0,0.0,24.0,0.0,3.526301468470261,3.444863874165752,3.780877753011393,-0.5720807758848396,True
2024-08,Gu5PQzqP3oc,247.04736202962314,234.37365695225103,254.35915902114465,154.32099346519675,84.52269534999587,218.43847251128602,19.886510805057192,19.300581609614408,69.26121444149382,69.96871783795392,73.53631311753013,75.94959737994445,0.0,0.0,0.0,0.0,1.0,0.0,0.0,24.0,0.0,6.809941098884719,6.952967910679311,6.8539267783718705,0.046721060501506706,True
2024-09,BzhJzdAGARk,181.317271058022,224.7238618366463,189.86381505028618,247.17572997208288,187.1288874587808,58.60852073114921,17.05301137015009,17.02700754431411,70.91538654000013,74.77305796156692,69.85552263089693,72.25315530587629,1.0,0.0,0.0,0.0,0.0,0.0,0.0,24.0,0.0,4.854430827733348,4.696151911718122,5.07913545592895,0.3835388660153063,True
2024-09,CSiOPKW1OQP,76.13987159004625,136.4153427073354,87.20537255760497,175.78101419940245,253.97710593707203,127.41148577322286,21.23804978167382,21.0999581773046,62.81742814251252,67.76570825371934,57.22828692281185,63.52120819130025,0.0,1.0,0.0,0.0,0.0,1.0,1.0,0.0,16.6429,1.990817750763802,1.1769495413648583,2.4157131124240054,-0.005584693244065075,True
2024-09,EritxSJ4SVG,79.64656302032724,100.87091861378242,87.44906638030508,83.24223253878965,272.58357378941037,146.77358859243148,22.681023400477457,22.77812230985851,59.50107596794623,64.63553992210595,57.04590432504578,60.87857101264955,0.0,0.0,1.0,0.0,0.0,0.0,0.14865088937534005,11.0,6.0,3.3292560752976863,2.451618435806896,2.2836067602138677,0.47169248290699084,True
2024-09,Fczy0xwaJSy,290.93991000501296,404.01746762949284,317.86589781994616,612.0502479246461,356.3152172627757,510.69937342491437,14.12827075909878,14.276224458414822,76.72791233744117,79.6285072178148,75.2672402914385,79.34426041778892,0.0,0.0,0.0,1.0,0.0,0.0,0.0,24.0,0.0,2.8990242572416096,3.526301468470261,3.444863874165752,0.3616244460950382,True
2024-09,Gu5PQzqP3oc,223.08338516424172,247.04736202962314,234.37365695225103,254.35915902114465,154.32099346519675,84.52269534999587,19.536346097349092,19.886510805057192,69.82058848872146,69.26121444149382,69.96871783795392,73.53631311753013,0.0,0.0,0.0,0.0,1.0,0.0,0.0,24.0,0.0,6.722803333961947,6.809941098884719,6.952967910679311,0.14674297960739402,True
2024-10,BzhJzdAGARk,147.37575422017437,181.317271058022,224.7238618366463,189.86381505028618,247.17572997208288,187.1288874587808,17.21045495314903,17.05301137015009,69.21188270418764,70.91538654000013,74.77305796156692,69.85552263089693,1.0,0.0,0.0,0.0,0.0,0.0,0.0,24.0,0.0,5.237969693748655,4.854430827733348,4.696151911718122,0.21869824644826963,True
2024-10,CSiOPKW1OQP,157.57256661777097,76.13987159004625,136.4153427073354,87.20537255760497,175.78101419940245,253.97710593707203,21.37096673332281,21.23804978167382,60.2039133818653,62.81742814251252,67.76570825371934,57.22828692281185,0.0,1.0,0.0,0.0,0.0,0.0,0.8408964152537145,1.0,16.6429,1.985233057519737,1.990817750763802,1.1769495413648583,-0.5451083275608282,True
2024-10,EritxSJ4SVG,113.33064120489684,79.64656302032724,100.87091861378242,87.44906638030508,83.24223253878965,272.58357378941037,22.723517479538007,22.681023400477457,57.828675102283775,59.50107596794623,64.63553992210595,57.04590432504578,0.0,0.0,1.0,0.0,0.0,1.0,1.0,0.0,7.0,3.619249833532853,3.3292560752976863,2.451618435806896,-0.39473487529448015,True
2024-10,Fczy0xwaJSy,186.52839941185476,290.93991000501296,404.01746762949284,317.86589781994616,612.0502479246461,356.3152172627757,14.096292073794912,14.12827075909878,74.51055589180254,76.72791233744117,79.6285072178148,75.2672402914385,0.0,0.0,0.0,1.0,0.0,0.0,0.0,24.0,0.0,3.3531903001300223,2.8990242572416096,3.526301468470261,0.16739511668933016,True
2024-10,Gu5PQzqP3oc,155.5845118440918,223.08338516424172,247.04736202962314,234.37365695225103,254.35915902114465,154.32099346519675,19.620493921270732,19.536346097349092,67.29319284843109,69.82058848872146,69.26121444149382,69.96871783795392,0.0,0.0,0.0,0.0,1.0,0.0,0.0,24.0,0.0,6.800036426940155,6.722803333961947,6.809941098884719,0.2592526837352924,True
2024-11,BzhJzdAGARk,222.80154514530452,147.37575422017437,181.317271058022,224.7238618366463,189.86381505028618,247.17572997208288,16.553919442291605,17.21045495314903,74.07259529550157,69.21188270418764,70.91538654000013,74.77305796156692,1.0,0.0,0.0,0.0,0.0,0.0,0.0,24.0,0.0,5.456667940196924,5.237969693748655,4.854430827733348,-0.05320182886350988,True
2024-11,CSiOPKW1OQP,176.60836688022937,157.57256661777097,76.13987159004625,136.4153427073354,87.20537255760497,175.78101419940245,20.537501807495598,21.37096673332281,66.30047892112273,60.2039133818653,62.81742814251252,67.76570825371934,0.0,1.0,0.0,0.0,0.0,0.0,0.7071067811865475,2.0,16.6429,1.4401247299589088,1.985233057519737,1.990817750763802,0.08783908942551344,True
2024-11,EritxSJ4SVG,159.14558010865278,113.33064120489684,79.64656302032724,100.87091861378242,87.44906638030508,83.24223253878965,21.67786052483681,22.723517479538007,65.75735087694375,57.828675102283775,59.50107596794623,64.63553992210595,0.0,0.0,1.0,0.0,0.0,0.0,0.8408964152537145,1.0,7.0,3.0143876543597203,3.619249833532853,3.3292560752976863,0.3030358631396619,True
2024-11,Fczy0xwaJSy,412.87494471459263,186.52839941185476,290.93991000501296,404.01746762949284,317.86589781994616,612.0502479246461,13.733420180580833,14.096292073794912,80.51813949576913,74.51055589180254,76.72791233744117,79.6285072178148,0.0,0.0,0.0,1.0,0.0,0.0,0.0,24.0,0.0,3.5735147535587526,3.3531903001300223,2.8990242572416096,-0.9319503574838994,True
2024-11,Gu5PQzqP3oc,216.84778001836946,155.5845118440918,223.08338516424172,247.04736202962314,234.37365695225103,254.35915902114465,18.8099584075658,19.620493921270732,75.24918222428262,67.29319284843109,69.82058848872146,69.26121444149382,0.0,0.0,0.0,0.0,1.0,0.0,0.0,24.0,0.0,7.0967996733553305,6.800036426940155,6.722803333961947,-0.09449166748715943,True
2024-12,BzhJzdAGARk,279.15266894844524,222.80154514530452,147.37575422017437,181.317271058022,224.7238618366463,189.86381505028618,16.268465044547884,16.553919442291605,75.39661455435596,74.07259529550157,69.21188270418764,70.91538654000013,1.0,0.0,0.0,0.0,0.0,0.0,0.0,24.0,0.0,5.403466111333414,5.456667940196924,5.237969693748655,-0.2917322174472661,True
2024-12,CSiOPKW1OQP,344.6873073359224,176.60836688022937,157.57256661777097,76.13987159004625,136.4153427073354,87.20537255760497,20.47418058452767,20.537501807495598,66.62958101373364,66.30047892112273,60.2039133818653,62.81742814251252,0.0,1.0,0.0,0.0,0.0,0.0,0.5946035575013604,3.0,16.6429,1.5279638193844223,1.4401247299589088,1.985233057519737,0.7852073057710225,True
2024-12,EritxSJ4SVG,214.4441646074144,159.14558010865278,113.33064120489684,79.64656302032724,100.87091861378242,87.44906638030508,21.76952302003197,21.67786052483681,64.58183939936575,65.75735087694375,57.828675102283775,59.50107596794623,0.0,0.0,1.0,0.0,0.0,0.0,0.7071067811865475,2.0,7.0,3.3141149597041113,3.0143876543597203,3.619249833532853,-0.5660326650364933,True
2024-12,Fczy0xwaJSy,481.41886274178535,412.87494471459263,186.52839941185476,290.93991000501296,404.01746762949284,317.86589781994616,13.633759328457542,13.733420180580833,80.88734203195415,80.51813949576913,74.51055589180254,76.72791233744117,0.0,0.0,0.0,1.0,0.0,0.0,0.0,24.0,0.0,2.2887693968843377,3.5735147535587526,3.3531903001300223,,False
2024-12,Gu5PQzqP3oc,238.49390300078142,216.84778001836946,155.5845118440918,223.08338516424172,247.04736202962314,234.37365695225103,18.78936263936203,18.8099584075658,76.2570929580484,75.24918222428262,67.29319284843109,69.82058848872146,0.0,0.0,0.0,0.0,1.0,0.0,0.0,24.0,0.0,7.094809081730809,7.0967996733553305,6.800036426940155,-0.7107799453586932,True
2025-01,BzhJzdAGARk,288.1832737664779,279.15266894844524,222.80154514530452,147.37575422017437,181.317271058022,224.7238618366463,16.503906709274453,16.268465044547884,73.51839303266556,75.39661455435596,74.07259529550157,69.21188270418764,1.0,0.0,0.0,0.0,0.0,0.0,0.0,24.0,0.0,5.111733893886148,5.403466111333414,5.456667940196924,0.02260773925931847,True
2025-01,CSiOPKW1OQP,210.39163274952625,344.6873073359224,176.60836688022937,157.57256661777097,76.13987159004625,136.4153427073354,20.413040688671714,20.47418058452767,65.98616026292237,66.62958101373364,66.30047892112273,60.2039133818653,0.0,1.0,0.0,0.0,0.0,0.0,0.4999999999999999,4.0,16.6429,2.3131711251554448,1.5279638193844223,1.4401247299589088,0.7385507595813166,True
2025-01,EritxSJ4SVG,211.75183070875528,214.4441646074144,159.14558010865278,113.33064120489684,79.64656302032724,100.87091861378242,21.557756869596744,21.76952302003197,64.75859154398725,64.58183939936575,65.75735087694375,57.828675102283775,0.0,0.0,1.0,0.0,0.0,0.0,0.5946035575013604,3.0,7.0,2.7554970224736097,3.3141149597041113,3.0143876543597203,0.31202641003968923,True
2025-01,Fczy0xwaJSy,286.0910532149811,481.41886274178535,412.87494471459263,186.52839941185476,290.93991000501296,404.01746762949284,13.609831984770421,13.633759328457542,78.10934467938225,80.88734203195415,80.51813949576913,74.51055589180254,0.0,0.0,0.0,1.0,0.0,0.0,0.0,24.0,0.0,,2.2887693968843377,3.5735147535587526,-0.05660759176769137,False
2025-01,Gu5PQzqP3oc,334.19289644937953,238.49390300078142,216.84778001836946,155.5845118440918,223.08338516424172,247.04736202962314,18.88131304818338,18.78936263936203,75.01992802555966,76.2570929580484,75.24918222428262,67.29319284843109,0.0,0.0,0.0,0.0,1.0,0.0,0.0,24.0,0.0,6.3995182057346325,7.094809081730809,7.0967996733553305,-0.2096599370676966,True
2025-02,BzhJzdAGARk,339.61323730238615,288.1832737664779,279.15266894844524,222.80154514530452,147.37575422017437,181.317271058022,17.26887586591246,16.503906709274453,72.1106688922067,73.51839303266556,75.39661455435596,74.07259529550157,1.0,0.0,0.0,0.0,0.0,0.0,0.0,24.0,0.0,5.134341633145467,5.111733893886148,5.403466111333414,-0.028998368930164276,True
2025-02,CSiOPKW1OQP,98.79308597807281,210.39163274952625,344.6873073359224,176.60836688022937,157.57256661777097,76.13987159004625,20.689244360827065,20.413040688671714,62.947589496868325,65.98616026292237,66.62958101373364,66.30047892112273,0.0,1.0,0.0,0.0,0.0,0.0,0.42044820762685714,5.0,16.6429,3.0517218847367613,2.3131711251554448,1.5279638193844223,-0.09404088619510587,True
2025-02,EritxSJ4SVG,115.16353635564015,211.75183070875528,214.4441646074144,159.14558010865278,113.33064120489684,79.64656302032724,21.887638078569694,21.557756869596744,61.217906113335935,64.75859154398725,64.58183939936575,65.75735087694375,0.0,0.0,1.0,0.0,0.0,0.0,0.4999999999999999,4.0,7.0,3.118574600585351,2.7554970224736097,3.3141149597041113,-0.6278398647845993,True
2025-02,Fczy0xwaJSy,492.2083920709556,286.0910532149811,481.41886274178535,412.87494471459263,186.52839941185476,290.93991000501296,13.802961041194896,13.609831984770421,78.13252862073222,78.10934467938225,80.88734203195415,80.51813949576913,0.0,0.0,0.0,1.0,0.0,0.0,0.0,24.0,0.0,2.9365406089224573,,2.2887693968843377,-0.04930965157642975,False
2025-02,Gu5PQzqP3oc,333.8013812602567,334.19289644937953,238.49390300078142,216.84778001836946,155.5845118440918,223.08338516424172,18.923170774263514,18.88131304818338,73.55841370261182,75.01992802555966,76.2570929580484,75.24918222428262,0.0,0.0,0.0,0.0,1.0,0.0,0.0,24.0,0.0,6.094990609625034,6.3995182057346325,7.094809081730809,0.1035467429748751,True
2025-03,BzhJzdAGARk,193.8590804987402,339.61323730238615,288.1832737664779,279.15266894844524,222.80154514530452,147.37575422017437,17.78204406542688,17.26887586591246,69.87756705231419,72.1106688922067,73.51839303266556,75.39661455435596,1.0,0.0,0.0,0.0,0.0,0.0,0.0,24.0,0.0,5.1053432642153025,5.134341633145467,5.111733893886148,-0.0342614458657744,True
2025-03,CSiOPKW1OQP,75.35036368204936,98.79308597807281,210.39163274952625,344.6873073359224,176.60836688022937,157.57256661777097,21.146118271750154,20.689244360827065,58.13033182973366,62.947589496868325,65.98616026292237,66.62958101373364,0.0,1.0,0.0,0.0,0.0,0.0,0.3535533905932736,6.0,16.6429,2.9576809985416554,3.0517218847367613,2.3131711251554448,0.08063372945799063,True
2025-03,EritxSJ4SVG,63.284615130263504,115.16353635564015,211.75183070875528,214.4441646074144,159.14558010865278,113.33064120489684,22.430458481760887,21.887638078569694,55.647996196086496,61.217906113335935,64.75859154398725,64.58183939936575,0.0,0.0,1.0,0.0,0.0,0.0,0.42044820762685714,5.0,7.0,2.5222189241053488,3.118574600585351,2.7554970224736097,0.2637446768610592,True
2025-03,Fczy0xwaJSy,410.54591568954663,492.2083920709556,286.0910532149811,481.41886274178535,412.87494471459263,186.52839941185476,14.244265576554191,13.802961041194896,75.84688841684725,78.13252862073222,78.10934467938225,80.88734203195415,0.0,0.0,0.0,1.0,0.0,0.0,0.0,24.0,0.0,2.703357222055353,2.9365406089224573,,-0.32005659406169196,False
2025-03,Gu5PQzqP3oc,300.38254014192927,333.8013812602567,334.19289644937953,238.49390300078142,216.84778001836946,155.5845118440918,19.160636672151217,18.923170774263514,72.5640610785756,73.55841370261182,75.01992802555966,76.2570929580484,0.0,0.0,0.0,0.0,1.0,0.0,0.0,24.0,0.0,6.2009447877438415,6.094990609625034,6.3995182057346325,-0.02485413703211048,True
2025-04,BzhJzdAGARk,399.96165919775626,193.8590804987402,339.61323730238615,288.1832737664779,279.15266894844524,222.80154514530452,17.42995470236011,17.78204406542688,66.89389817327832,69.87756705231419,72.1106688922067,73.51839303266556,1.0,0.0,0.0,0.0,0.0,0.0,0.0,24.0,0.0,5.071081818349528,5.1053432642153025,5.134341633145467,0.42142201802267376,True
2025-04,CSiOPKW1OQP,162.6142533482943,75.35036368204936,98.79308597807281,210.39163274952625,344.6873073359224,176.60836688022937,20.909622889063904,21.146118271750154,62.27386085336204,58.13033182973366,62.947589496868325,65.98616026292237,0.0,1.0,0.0,0.0,0.0,0.0,0.29730177875068015,7.0,16.6429,3.038314727999646,2.9576809985416554,3.0517218847367613,-0.7519275319166105,True
2025-04,EritxSJ4SVG,146.63117479496194,63.284615130263504,115.16353635564015,211.75183070875528,214.4441646074144,159.14558010865278,22.214465389019182,22.430458481760887,59.441701913276646,55.647996196086496,61.217906113335935,64.75859154398725,0.0,0.0,1.0,0.0,0.0,0.0,0.3535533905932736,6.0,7.0,2.8461907256257635,2.5222189241053488,3.118574600585351,,False
2025-04,Fczy0xwaJSy,707.3778256204336,410.54591568954663,492.2083920709556,286.0910532149811,481.41886274178535,412.87494471459263,14.069282331479261,14.244265576554191,67.36850036832814,75.84688841684725,78.13252862073222,78.10934467938225,0.0,0.0,0.0,1.0,0.0,0.0,0.0,24.0,0.0,2.3143373034952552,2.703357222055353,2.9365406089224573,-0.3309663964266343,True
2025-04,Gu5PQzqP3oc,543.2943090827973,300.38254014192927,333.8013812602567,334.19289644937953,238.49390300078142,216.84778001836946,18.912569547256183,19.160636672151217,68.27350108793537,72.5640610785756,73.55841370261182,75.01992802555966,0.0,0.0,0.0,0.0,1.0,0.0,0.0,24.0,0.0,6.308782699134118,6.2009447877438415,6.094990609625034,-0.31497823624106314,True
2025-05,BzhJzdAGARk,462.43037440110027,399.96165919775626,193.8590804987402,339.61323730238615,288.1832737664779,279.15266894844524,17.22605444179018,17.42995470236011,74.59252689514413,66.89389817327832,69.87756705231419,72.1106688922067,1.0,0.0,0.0,0.0,0.0,0.0,0.0,24.0,0.0,5.492503836372202,5.071081818349528,5.1053432642153025,-0.01343435848864516,True
2025-05,CSiOPKW1OQP,245.0764615898281,162.6142533482943,75.35036368204936,98.79308597807281,210.39163274952625,344.6873073359224,20.295593935988457,20.909622889063904,68.8409474610789,62.27386085336204,58.13033182973366,62.947589496868325,0.0,1.0,0.0,0.0,0.0,0.0,0.2499999999999999,8.0,16.6429,2.2863871960830355,3.038314727999646,2.9576809985416554,0.3060627863721641,True
2025-05,EritxSJ4SVG,223.6000142135713,146.63117479496194,63.284615130263504,115.16353635564015,211.75183070875528,214.4441646074144,21.64871896839211,22.214465389019182,66.25230845208557,59.441701913276646,55.647996196086496,61.217906113335935,0.0,0.0,1.0,0.0,0.0,0.0,0.29730177875068015,7.0,7.0,,2.8461907256257635,2.5222189241053488,-0.07476899484994215,False
2025-05,Fczy0xwaJSy,1045.9634716533121,707.3778256204336,410.54591568954663,492.2083920709556,286.0910532149811,481.41886274178535,13.79444728157621,14.069282331479261,79.71046791494868,67.36850036832814,75.84688841684725,78.13252862073222,0.0,0.0,0.0,1.0,0.0,0.0,0.0,24.0,0.0,2.1732978057574948,2.3143373034952552,2.703357222055353,0.14772181921551342,True
2025-05,Gu5PQzqP3oc,1136.2405558433509,543.2943090827973,300.38254014192927,333.8013812602567,334.19289644937953,238.49390300078142,18.844370206193528,18.912569547256183,74.29252944343642,68.27350108793537,72.5640610785756,73.55841370261182,0.0,0.0,0.0,0.0,1.0,0.0,0.0,24.0,0.0,6.120594090713812,6.308782699134118,6.2009447877438415,-0.20203790979704728,True
2025-06,BzhJzdAGARk,214.86718485459681,462.43037440110027,399.96165919775626,193.8590804987402,339.61323730238615,288.1832737664779,16.780761155239638,17.22605444179018,76.1068579886746,74.59252689514413,66.89389817327832,69.87756705231419,1.0,0.0,0.0,0.0,0.0,0.0,0.0,24.0,0.0,5.479069477883557,5.492503836372202,5.071081818349528,0.006298058924330441,True
2025-06,CSiOPKW1OQP,77.40704484723798,245.0764615898281,162.6142533482943,75.35036368204936,98.79308597807281,210.39163274952625,19.69339774914604,20.295593935988457,71.85930454155583,68.8409474610789,62.27386085336204,58.13033182973366,0.0,1.0,0.0,0.0,0.0,0.0,0.21022410381342854,9.0,16.6429,2.5924499824551996,2.2863871960830355,3.038314727999646,-0.70119439526189,True
2025-06,EritxSJ4SVG,94.59727637174448,223.6000142135713,146.63117479496194,63.284615130263504,115.16353635564015,211.75183070875528,20.934155138858124,21.64871896839211,69.95820784136708,66.25230845208557,59.441701913276646,55.647996196086496,0.0,0.0,1.0,0.0,0.0,0.0,0.2499999999999999,8.0,7.0,2.665272702371748,,2.8461907256257635,-0.0027496132731807954,False
2025-06,Fczy0xwaJSy,374.59465970106385,1045.9634716533121,707.3778256204336,410.54591568954663,492.2083920709556,286.0910532149811,13.436101868674161,13.79444728157621,81.47861571199562,79.71046791494868,67.36850036832814,75.84688841684725,0.0,0.0,0.0,1.0,0.0,0.0,0.0,24.0,0.0,2.563618651954859,2.1732978057574948,2.3143373034952552,0.17873444118296566,True
2025-06,Gu5PQzqP3oc,232.73059730989257,1136.2405558433509,543.2943090827973,300.38254014192927,333.8013812602567,334.19289644937953,18.433840262095778,18.844370206193528,76.61733513785896,74.29252944343642,68.27350108793537,72.5640610785756,0.0,0.0,0.0,0.0,1.0,0.0,0.0,24.0,0.0,5.930735233980488,6.120594090713812,6.308782699134118,-0.5158282964452781,True
2025-07,BzhJzdAGARk,261.9851681136946,214.86718485459681,462.43037440110027,399.96165919775626,193.8590804987402,339.61323730238615,17.06741164593689,16.780761155239638,77.75572958903128,76.1068579886746,74.59252689514413,66.89389817327832,1.0,0.0,0.0,0.0,0.0,0.0,0.0,24.0,0.0,5.485367536807887,5.479069477883557,5.492503836372202,0.27857132071001445,True
2025-07,CSiOPKW1OQP,137.9975454810095,77.40704484723798,245.0764615898281,162.6142533482943,75.35036368204936,98.79308597807281,19.627143402648446,19.69339774914604,75.8023095324586,71.85930454155583,68.8409474610789,62.27386085336204,0.0,1.0,0.0,0.0,0.0,0.0,0.17677669529663678,10.0,16.6429,1.8912555871933097,2.5924499824551996,2.2863871960830355,1.1328157538842785,True
2025-07,EritxSJ4SVG,102.11957819158106,94.59727637174448,223.6000142135713,146.63117479496194,63.284615130263504,115.16353635564015,21.087108269561416,20.934155138858124,72.19406980490176,69.95820784136708,66.25230845208557,59.441701913276646,0.0,0.0,1.0,0.0,0.0,0.0,0.21022410381342854,9.0,7.0,2.696081032535925,2.665272702371748,,0.8062871536614202,False
2025-07,Fczy0xwaJSy,444.83008676213234,374.59465970106385,1045.9634716533121,707.3778256204336,410.54591568954663,492.2083920709556,13.71302890181537,13.436101868674161,82.67090151764512,81.47861571199562,79.71046791494868,67.36850036832814,0.0,0.0,0.0,1.0,0.0,0.0,0.0,24.0,0.0,2.7531954975787465,2.563618651954859,2.1732978057574948,-0.06028811585909377,True
2025-07,Gu5PQzqP3oc,312.4975469012336,232.73059730989257,1136.2405558433509,543.2943090827973,300.38254014192927,333.8013812602567,18.551991525660057,18.433840262095778,78.24900478407064,76.61733513785896,74.29252944343642,68.27350108793537,0.0,0.0,0.0,0.0,1.0,0.0,0.0,24.0,0.0,5.366653552237149,5.930735233980488,6.120594090713812,0.1449501544751577,True
2025-08,BzhJzdAGARk,215.57601155138613,261.9851681136946,214.86718485459681,462.43037440110027,399.96165919775626,193.8590804987402,17.10827312645103,17.06741164593689,78.44072602892963,77.75572958903128,76.1068579886746,74.59252689514413,1.0,0.0,0.0,0.0,0.0,0.0,0.0,24.0,0.0,5.763938857517902,5.485367536807887,5.479069477883557,-0.15012786967233005,True
2025-08,CSiOPKW1OQP,100.8763847578674,137.9975454810095,77.40704484723798,245.0764615898281,162.6142533482943,75.35036368204936,19.622828837055835,19.627143402648446,75.56723679182737,75.8023095324586,71.85930454155583,68.8409474610789,0.0,1.0,0.0,0.0,0.0,0.0,0.14865088937534005,11.0,16.6429,3.024071341077588,1.8912555871933097,2.5924499824551996,0.37809959431051476,True
2025-08,EritxSJ4SVG,97.63918855643188,102.11957819158106,94.59727637174448,223.6000142135713,146.63117479496194,63.284615130263504,21.23149875832871,21.087108269561416,71.22467135741512,72.19406980490176,69.95820784136708,66.25230845208557,0.0,0.0,1.0,0.0,0.0,0.0,0.17677669529663678,10.0,7.0,3.5140100424473504,2.696081032535925,2.665272702371748,0.2711514839058875,True
2025-08,Fczy0xwaJSy,432.25215876885295,444.83008676213234,374.59465970106385,1045.9634716533121,707.3778256204336,410.54591568954663,13.440875877176758,13.71302890181537,85.31574026484972,82.67090151764512,81.47861571199562,79.71046791494868,0.0,0.0,0.0,1.0,0.0,0.0,0.0,24.0,0.0,2.525196560084543,2.7531954975787465,2.563618651954859,0.7159562783442714,True
2025-08,Gu5PQzqP3oc,277.6909637573765,312.4975469012336,232.73059730989257,1136.2405558433509,543.2943090827973,300.38254014192927,18.29675489951485,18.551991525660057,81.31261542519647,78.24900478407064,76.61733513785896,74.29252944343642,0.0,0.0,0.0,0.0,1.0,0.0,0.0,24.0,0.0,5.448393601582882,5.366653552237149,5.930735233980488,-0.3988936876551481,True
2025-09,BzhJzdAGARk,228.31126158092587,215.57601155138613,261.9851681136946,214.86718485459681,462.43037440110027,399.96165919775626,16.768763376346477,17.10827312645103,77.81495514158242,78.44072602892963,77.75572958903128,76.1068579886746,1.0,0.0,0.0,0.0,0.0,0.0,0.0,24.0,0.0,5.6138109878455715,5.763938857517902,5.485367536807887,0.14980485017376566,True
2025-09,CSiOPKW1OQP,121.02375801356946,100.8763847578674,137.9975454810095,77.40704484723798,245.0764615898281,162.6142533482943,19.348844241513113,19.622828837055835,72.46153119352044,75.56723679182737,75.8023095324586,71.85930454155583,0.0,1.0,0.0,0.0,0.0,0.0,0.12499999999999992,12.0,16.6429,3.402170935388103,3.024071341077588,1.8912555871933097,-0.3098669950054922,True
2025-09,EritxSJ4SVG,111.13777892982026,97.63918855643188,102.11957819158106,94.59727637174448,223.6000142135713,146.63117479496194,20.67511366750924,21.23149875832871,70.23430472280396,71.22467135741512,72.19406980490176,69.95820784136708,0.0,0.0,1.0,0.0,0.0,0.0,0.14865088937534005,11.0,7.0,3.648342812880768,3.5140100424473504,2.696081032535925,-0.31991421490286553,True
2025-09,Fczy0xwaJSy,394.2315811702649,432.25215876885295,444.83008676213234,374.59465970106385,1045.9634716533121,707.3778256204336,13.341140649461495,13.440875877176758,81.60907599639036,85.31574026484972,82.67090151764512,81.47861571199562,0.0,0.0,0.0,1.0,0.0,0.0,0.0,24.0,0.0,3.296845722347987,2.525196560084543,2.7531954975787465,0.03590974228053234,True
2025-09,Gu5PQzqP3oc,256.2435523158031,277.6909637573765,312.4975469012336,232.73059730989257,1136.2405558433509,543.2943090827973,18.22937335527909,18.29675489951485,76.21635237467521,81.31261542519647,78.24900478407064,76.61733513785896,0.0,0.0,0.0,0.0,1.0,0.0,0.0,24.0,0.0,5.130284642601558,5.448393601582882,5.366653552237149,-0.3201322376774982,True
2025-10,BzhJzdAGARk,178.05858567558272,228.31126158092587,215.57601155138613,261.9851681136946,214.86718485459681,462.43037440110027,17.535440917132863,16.768763376346477,71.8231451117316,77.81495514158242,78.44072602892963,77.75572958903128,1.0,0.0,0.0,0.0,0.0,0.0,0.0,24.0,0.0,5.763615838019337,5.6138109878455715,5.763938857517902,0.09020128025765484,True
2025-10,CSiOPKW1OQP,45.34131752079474,121.02375801356946,100.8763847578674,137.9975454810095,77.40704484723798,245.0764615898281,20.888406092696226,19.348844241513113,61.80842553415212,72.46153119352044,75.56723679182737,75.8023095324586,0.0,1.0,0.0,0.0,0.0,0.0,0.10511205190671424,13.0,16.6429,3.0923039403826107,3.402170935388103,3.024071341077588,0.5947115342201919,True
2025-10,EritxSJ4SVG,63.59458873662726,111.13777892982026,97.63918855643188,102.11957819158106,94.59727637174448,223.6000142135713,22.282759086873718,20.67511366750924,59.26741310854042,70.23430472280396,71.22467135741512,72.19406980490176,0.0,0.0,1.0,0.0,0.0,0.0,0.12499999999999992,12.0,7.0,3.1617829527861474,3.648342812880768,3.5140100424473504,-0.5712413663988412,True
2025-10,Fczy0xwaJSy,415.38593440386467,394.2315811702649,432.25215876885295,444.83008676213234,374.59465970106385,1045.9634716533121,14.00929787029548,13.341140649461495,76.0552811200797,81.60907599639036,85.31574026484972,82.67090151764512,0.0,0.0,0.0,1.0,0.0,0.0,0.0,24.0,0.0,3.1910370009817557,3.296845722347987,2.525196560084543,0.2630886215286439,True
2025-10,Gu5PQzqP3oc,225.48768683670318,256.2435523158031,277.6909637573765,312.4975469012336,232.73059730989257,1136.2405558433509,19.13324278700199,18.22937335527909,70.93084060135801,76.21635237467521,81.31261542519647,78.24900478407064,0.0,0.0,0.0,0.0,1.0,0.0,0.0,24.0,0.0,4.899176459061951,5.130284642601558,5.448393601582882,-0.44768377256694336,True
